url	parent	ps	ns	text
http://boricuacollege.edu/documents/20190603160437.pdf	w�߿խxixl�����\��e�m��u��ϣ��9����w���t(�xn~�z��		"q�"""	�:�,��/�Kv�Z9��T��g�7�XWհ]]���,7���߲�T[x�@�G���b����j�\ý�n��=dÆF�B�B�|
http://boricuacollege.edu/documents/20190603160437.pdf	"q�"""		r@\�cs�%�_nhu�̦6�d_����n4�qw��	"�W3y�����K�I����!!��c�P���[�]�ЮU�x�t��� �����8P""% �A�Eګ�Dl|j�ܛh��w4Eݗ���KP���;�ɷ�͑'��r���~��ƾ��%����u��U�W&�O6܀����7��� F����U-�S��{ w�'1��4϶ۛc{����l�������x�����}�c_ F�vT�y/@ �;o�f��˔Y}��h:��31�B��5 kq��i�'�˭�������l[&Z��s �5m�&�[v��9 �dS_���m���zs{˦v�����WN�G��������q��d�@�����a���m��y&�u'�d���Y��G�BL|�?= .1@޾����V���!je�y�n7k�w��*�ފvz?��z������k���{4}0��dA�?ʣ��̂�������`��vqC��U�#�x�B� ��ȁTz���1?$��,g�%��'�J�Jk��/9�""�s��P2w���%4.�����m�q���N�˟M �`@L��F ;* �����=�ś~���uث��H��h�G.V~=  ���z������ؿ��?�zDڽ/5�a�#���p��E�תwХD���c�.�K�h���An@2w�5��%����C��7�_��i4.|E��""�q�R3��LT�^y���=M�~;�6�'��6i����8�!""�8J\�� $�m-Ч� b�َ������ч'�FjSb����=k��p���$  8,³�u3XІ}�~��О7^�ƣ��:9�boDW9]-i�b�A�o�����[�ݷCf� ��? 9�L� B9�6 ?�ڟԆn:�4���\��� ��|��2��U�&!�ֹ�� ��  ""�̣�ἑ�3' vZ쀧�6r���h. �K����^�q�%Wgrot�WP@�@�]��L��6�u����%�f�dE�[4x���:R���Kz0�Aŵ[Ĺ�aT߇Կ�i���m2*����8 �;����S �,���ޯ-����h�K��/�O�XvֳOu��r\飛�l�B�CS%C �;�#�7�� ) W m�)z!��Rl���r�ފ�F�b��� C���j8�8EX0�� }7Ĥ�&������װJ�£� mR} [�k9�$sp[��y�_: ���/~��8��MH)���ø� ���E?�V�9��b�w}���Y����e[�.K��c �� v�������z�"
http://boricuacollege.edu/documents/20190603160437.pdf	r@\�cs�%�_nhu�̦6�d_����n4�qw��		n�gx	>(g�=v���-�O ���t����k�B�$�C��y�_Ӳ��2}��T��0-=&M;� ^�h0�'u����U�Fw $J��v��q���6��T���e zT� h SSpL`����`Ip��� �\���,��b��~��T,fSX�T�{��Q�a=�v����
http://boricuacollege.edu/documents/20190603160437.pdf	n�gx		o�;��p[ֆ�dm:���(�qweyg����	���c� ��0ѯ֮�9q����d��dt��� ڳf��r��O� �c�?T] 58�^���뭥��ujJ��#����T��������o������?���� \G�;N�BJ� �   ,I�S��,  ��7p�׉s��o0����[2�O�bﺤ���kё�^��kIfE�
http://boricuacollege.edu/documents/20190603160437.pdf	o�;��p[ֆ�dm:���(�qweyg����		z�	"ط�X�_��ed�Դu'���/N%v� �A��6��Qp���� �j�e&��� � bJ�M�*B�� �wa��\w�֤�2O��\k^|#�G~łK��ox� � ��)��?���kŚ��uҍ �1$!SI�E�wk���z�,LM���򤛹�P�:#���l_��o9�r��F��z 8�9��� wL�d�lH�do�X���X��*i���jA�5w��X���L��-=~Xhp]�^Q__��Ω:�rAd�q���PO)���4<�x�N�OĹ� ����n����ƠG· �� l�y!��hP� W�*_~?%�G�,� 5b7Z�Z.���/""8X�잎B�;>W��[} ���ď�i��;�w""j�q9 � u�QTz�IO�ʀ}mʷz� �V]��>""ٽ�xRxP�T�|�t��89]�ɵ3�*���""�@`�H�ϟ � �h�]㮷FѷN�-w,�2� Wn9^���""�������P�$����:T ��������d �<�@�ٛq��D�   �� �  �[�E�� �e�5׹(N:m�Ǝ�9T�Ut:��r�q��:��f !�{��v�� ��*]�� ���q����B�3�࣊ ���.44f�s��e����GrT�#bt�����pD�ٽ����N�"
http://boricuacollege.edu/documents/20190603160437.pdf	z�		h�vt�l�i�j,,�����	}�T=2H�ɇy��ӜZ�|A&
http://boricuacollege.edu/documents/20190603160437.pdf	h�vt�l�i�j,,�����			����.ZI� X�'Pt@y�U�(��J��8� @�U ���ǀ 7-б��,� k�ǂ*l������C��  <�*o� '5���(��M$�(������ �����UǕ�M��L��Ag�!���B��s�t� �$ �.������
http://boricuacollege.edu/documents/20190603160437.pdf	h�vt�l�i�j,,�����			 0'����~���x��ǌ@��3��� f00�� �`��|A��ʒ�  endstream endobj 5 0 obj << /Type /XObject /Subtype /Image /Width 160 /Height 168 /BitsPerComponent 1  /ImageMask true /Filter /CCITTFaxDecode /DecodeParms << /K -1 /Columns 160 
http://boricuacollege.edu/documents/20190603160437.pdf	h�vt�l�i�j,,�����		g��\qz��������ãp4h0�	">  /Length 106 >>  stream  �M �dP�@�B��x_h��n�'���L ��?���� ���""���d.Ȼ >�|`��ڰP�G���������������̈ ��w�t ��S�:�� ��8�"
http://boricuacollege.edu/documents/20190603160437.pdf	g��\qz��������ãp4h0�		pd�c_p��7������a�	"����z����� �B�M4�M;T�j�""""""""""""""""?��������������ffF�Dț-�XffI��10�cC#L� �d��,�t������L����T � �U��M$�j�(]�54�?���ޚ������  �MuTB����[ת""Ψ�7""�X ����֝����� �t�Z������-?�&!&D����C*�%����Ou֯� d�&L@�  `�""r\��""*C�_t/B�""s�a�B� � �8).26!&.E�B ��D ��""�_""a�p�T��4F*�'6). ��� A�xL&a=Av4� `���L ΀�""� �C�!�@� � ��hGR� �0\���<�#�_��A�� � �axA��>�Zqz 4�C�=8��NM?A����������� 0�M�CN>����h5�i���|Zzq��y'��a~��i�i���ziݮ�����Ӿ��t�I(Z�/�McN;N�""~Ba̅����D�""vD�:!/""c������  7���_^�� K��������<4B[�����a<'�������A� �@ � �@�� �!>��f��9 �iH�܄�ȇ�'Q u��->F�5�]�҈�r'� E��<�� �}=4��M��OO��=< ���'à��=>��y�\'���wZ�o���:7M��������V��n��I��I龞����K׵�~�ק�鮞��I���i����������������v�z��/�ƞ��z����~�����w���z� }7_����o^�k� �����_��""��O��������������J����֟����E�:��5� _�D�����H_�/�_�[�� ����T�p_��� �h���3���L ����� $�: �Dtޕ��H3�dT�������X������6{�� ��C ��� �� �������[��/��������[u�{�~ׅa�������k�_���������z_��a��� ��H�� ɤ�����)o����׵���_��_�""��F�� ��B�S�ވY���k������D 7�_��'N����������,�o� �t������EG����zN��""$`tDG���_��oz�����l�������_�/�3] �\,������׳QҜ ��������k���ic�^�;�XMz�7���������m�������]��_�����W����������:��׵յm[]����_�o���/����Z�ҵ���m���������ڶ��k�iZ�kk�k������vׄ߶����������� `°�m&J�݅����� &�_�������v�k���^������j� �;�ب���/ ��b��� �� Æ ���`�_�a]��NC*�����c��� �a(���mn׵���1�� ����[ ���~�7���5�A��� ��iݦ@���H0�i������������ �_�?i������a2����k��d~���8�Aw�������/��k�7M|0��aa��p�  �� �����O�;a�����[N�/���������a��""#���!�������0�D0��qv;��wi��L'���z 'i����A�A�88� ���\DE�DDDDD~���U�W^�/�H�9� z�U�� � 騰�Q �KE��B; ���Kj���B0ʸ��K;� �ep0�qp�tأ>d�A� ��5������h��T�ccd����_]=s�z���E��̖�/� �W�p���[A�5���m���]7Mu�4��[�|�]h���_��ں��l���^m���B�x�5^(�"
http://boricuacollege.edu/documents/20190603160437.pdf	pd�c_p��7������a�			��Sӿ_�N�t�?���]i?����;!�T�ii<&�z�����=��z]�_OO��i=>�ߪO]����������t�}&�'�����?��{�8��M���u�4�׽_��~�Xa������7^�������������u��Z����� �]���Я�Z�7����z4�_����3`�� K�@�_��e!?�_�r, ���C� _�^���E�AO���}Π����/�8����� �%@��� �
http://boricuacollege.edu/documents/20190603160437.pdf	xap:createdate			2019-06-03T16:04:37-04:00
http://boricuacollege.edu/documents/20190603160437.pdf	xap:creatortool			Canon iR-ADV C5535  PDF
http://boricuacollege.edu/documents/20190603160437.pdf	pdf:producer			Adobe PSL 1.3e for Canon
http://boricuacollege.edu/documents/20190603160437.pdf	dc:format			application/pdf
http://boricuacollege.edu/documents/20190603160437.pdf	xapmm:documentid			uuid:577df55c-0000-4142-4344-454600000000
http://boricuacollege.edu/documents/20190603160437.pdf	l�?u]��b-�b���9		v9�咲f!��:���bú1�{�,7���u8�nb5psrv�hxy5nķpg+g&l��֓��]}f�k!v�q؞�,�j��|���y������^���^��c���n��9��3	k��('���n���o&�;wg<�=7̌n�;  �������`�Xr~�U���Ԛ?�w�
http://boricuacollege.edu/documents/20190603160437.pdf	v9�咲f!��:���bú1�{�,7���u8�nb5psrv�hxy5nķpg+g&l��֓��]}f�k!v�q؞�,�j��|���y������^���^��c���n��9��3		l�i_~�@%a�m��)	"  �T}�N�ⴃ �� �]�޴4{�� �e��o?��uz�B@v]4o, jK�s}��� �E6.O��X4���~Nh�k����� l� �諡�����""?���])��5�9��=�]9�p�W�� }����1 � �e��I1󍹁�m����>�O ��ti�eım���B�)n � Zy�۹|}x���9c�e9~6���4Lo���\rr�E ���x�0X}������4� ��u������mf�������z������E��h�{���S�|�Q��\  -�:� �$�%3AF��;H��W � ""a� ��""�{��^(>YU8־""�Ȟﬦ�M����Z��Ϣ�)W/� ��wB@�@Ķ�-�%���U�8�5��r�|c݁uoy�]Q�T"
http://boricuacollege.edu/documents/20190603160437.pdf	l�i_~�@%a�m��)		vqx`\��u���5�)����p�{�\�<�v��s@���2�.�c�'\z�o����~�,	�,�f����z6��k
http://boricuacollege.edu/documents/20190603160437.pdf	vqx`\��u���5�)����p�{�\�<�v��s@���2�.�c�'\z�o����~�,		"h��g""��o�o͘�h�[=?�q^ˌ�y$x"	��E�&� �I�:� ��\��U����^i�s���[�@���e ~p4@���=�Hu����&�����[k��f��Kr�5��إn�G��W�N�� p���)I��`�p��A���u� �Xk�$C �a��A�\�*����i� &GDP5���5���0v9�%@.��
http://boricuacollege.edu/documents/20190603160437.pdf	"h��g""��o�o͘�h�[=?�q^ˌ�y$x"		mݩ	9��O�O���_V�ӆƀ�� ̡�]�D�4h�ֈ�C滲�ى�  F��i )S=St�=mjZa�~��� �g�,d
http://boricuacollege.edu/documents/20190603160437.pdf	mݩ		t��#�%ؔu�h_��r��q�ě���h.�ju���	��q 4��St���)I wJD�� 
http://boricuacollege.edu/documents/20190603160437.pdf	t��#�%ؔu�h_��r��q�ě���h.�ju���		n�#�_�l�i�v��^ܕ�h�';-9�vsrq�d�	"�TӺ�tPs)^ڼ�ꀣ��&���㜚=��� �""c�h=�D�c��|���xm=�JN�8��)�O����3Ve����@�f��q�ZV�Uޚ��� *���ޡ���{��.�;���D�bN�=Zj�����k�t18z�����-��ö]{9��������B�W�ʿ��=�f��*�w� m�w:f# �/�pl�Y��""�i�]M��C��s#� ç4�C��];�q� S/=����� RC  �$K��}��c6x�>m��iqF?lM�g����0�l���oPA e��Ӛа)��Ii�7���m��:��A����$�0[ÅC���D�8��^�L` F� w��wh�s �?x�<ڂ%���x��ɟC�?'y��Ǥ���'��:~��}�3�N��lP��n""�""�-�[�w��q�b��U]��ߠae���iN�9�]$��K�aᣙdI ɠ H�k�� g-Q���C.�O�ɱ�""�~ѡ#^��kMm�w�v�Yp�#J���a�K΍ Y � Y�k�u�8Ԧ ����~W�� pFd�]/��n���E�{ ]�X�� �WyN�5G�TR %��s)�<`�Gsp66��0��{�0�2�0�T�K�3cYk�O�b���ɒ���X�b��OSO���&����I L�~���I����Ev`�I�}���ɝd�@�~�FG��X  ��c 2��ȡ���Z;�q2o_ȫ�j�� A�(s�O0 �Xd��t y!�/��ʒX�Z�T K�F�H8|Ίv p(�  ��i9 >���*>��I�����r(/� � ��5�["
http://boricuacollege.edu/documents/20190603160437.pdf	n�#�_�l�i�v��^ܕ�h�';-9�vsrq�d�		p<�	��:6YP C'F6�L�� ���M����=�}�Q �|)K����qn�����i����3�״s(ǢG�>�Wl�����)8�q�v �˨��C���~��{�3m�f�^���-q]�
http://boricuacollege.edu/documents/20190603160437.pdf	p<�		b�k�e0�}b��'`	z�����DvqO*�� L�3�,7�W�P�RT��5��kc�[�C��߫ ���Z1� F���f��I t�jB�߉a��
http://boricuacollege.edu/documents/20190603160437.pdf	b�k�e0�}b��'`		jc�7-l��v��ma?��j��6	N�*Í Hy�{Cz󵢦γ^�T*?N�#z�|�a@%y���T( �N#�R����~ ӡ�N�Z�� ��N�����[ v�`���� �K�> ��L���
http://boricuacollege.edu/documents/20190603160437.pdf	jc�7-l��v��ma?��j��6		v�z;	�-K�,��B��� !X�u�����=3���d~^͙M�¼@V���_�ðk-�y�{^��DN>ç���=��䝐���D��ͣm#c��d��`� ��֟�����i��(�F��2:t�� O���Wa�N��^��H����v]�';�� ����# ]�;B�� �;\Ia
http://boricuacollege.edu/documents/20190603160437.pdf	v�z;		m�a���l	���>W�
http://boricuacollege.edu/documents/20190603160437.pdf	m�a���l		pu�4�s��<f͜�	"{���u�s ����Zvy���m�h̕�D��6;7� Ѡ$A��W��0��n� ��Ɉk�|U!� �Z�𔬎gG5<����%Z�""� ��;�Z;�]���8Z��>[���7�B�c���|:3��;�RK�tE����c�2�]{]�.���) ��� 'l�d��>�8g����}������ъ ���) ���8Y�Q�R& 0I�K��~]�ю{�gb9��k�4hk � -���UC�v��T�dЅKJ o�ٳ�_�3'Џ����H��n ��n�ѡ�tt]� Ų�J*��P��#×>�X^*���p$�m�n5-��(�C��  7,%W�$"
http://boricuacollege.edu/documents/20190603160437.pdf	pu�4�s��<f͜�			Y�M�l'��|*� x�?�Yn&��hF�N Îd:�TzM��}����5�dH�a�J���(�f����ͽhg=ڋ�Q�]�>�&}���� �[��X�7n� 3Bň6���@e%�l����>��CI�� s��yn���~-I2����w C���!L�����ߠ�X�/C� ��U�1�j��@㚪����K��;�]Í����͒�ۈ&��a�>�0 Ϳ)������� fi
http://boricuacollege.edu/documents/20190603160437.pdf	pu�4�s��<f͜�		"c��m\��c��?����h�l҆��es����c\�t�l�+sm2�z�t6g^;�2glg)�lr�e��}x�c`o�]��s�����ww��f����ܭ��x�p�����k&�������;�5դ�3r$���z-i��%g�]n�ުÿԥ�������\@*"""	"5�=[�F�ӷ�X�x�P�Q�V W�׸M{����u�1tIMn�&�쥷5ӛ�,�2�`}�xH  Q #2}ѻ�/ʀZa�l�(ܟ�<�3,�h%bbX7��Ec�3��{4{!��t ��Hk�H�`Lz^�� �K�W猇��5)��Q��'�>�,�x����$(� �9�4 ��v�b��?gn�v�����Ѝ��㮓7 ɜqV�-K�?� 9���Cz���7H80���ȸl����1�^ s�{`�y& g�ëCZi����Ĩed�� ���V\v�?�Ҡ��H�*��� ""���������f*�/nL��|o�fL ��S���(^w* H����A��,�0̓9�1���~����J�ܛ��[��N�# 5�T땜տ@�&����9�=\-Z���r�;sX ���ί��-ͬ�^��2}�G'�=<"
http://boricuacollege.edu/documents/20190603160437.pdf	"c��m\��c��?����h�l҆��es����c\�t�l�+sm2�z�t6g^;�2glg)�lr�e��}x�c`o�]��s�����ww��f����ܭ��x�p�����k&�������;�5դ�3r$���z-i��%g�]n�ުÿԥ�������\@*"""		"l,e��x�����f}]im�m��°��gu�*n̍�os��ۀe���l�շt*""�i<12*�u���a��|�30���7i��ȗh1�����%�������m��r��y��l�ͳ�i}p�"	�Nyb2��E*n|,������@��4Rb�lQ n�N�~�# �'a�ϵ]�O �N�e.R�~1ύ��v�H- )�x�Y�%T­O�Yd�z�i�:ԯ`�o����2����S|����f�75�G m:h���wR�HZýE�w��8�ݿ��>wPB�����7\;|���#�[�o�4
http://boricuacollege.edu/documents/20190603160437.pdf	"l,e��x�����f}]im�m��°��gu�*n̍�os��ۀe���l�շt*""�i<12*�u���a��|�30���7i��ȗh1�����%�������m��r��y��l�ͳ�i}p�"		y��b[�@�x�m�[(�}�	"�?S�hFXLh<:v5e��ę.،��$��""�q��G^8q��i>�ij2e������qg7�[�r!�ɘl��""��Ш*�q��=��slv�ë�& �3du�ݸ] ���_�ʸ�A�.�)���&�����q�n��N�0� �{��j:%EJ&K��{��[��_6���r�T� ɩw�=;|s�z�{�;�O��X G���<�8Z� �i��(&��{Q�$�O�c=DSq�>;І� 3mX��<^�CQ ��""� ~�c2r ��3�n�R�w��O%{Q�&5�23y��� n�����D�^wG���ag��lRxhd�S�YfxB �UW��/�������!i��,a��f5V(����\N�&?��9̧��D ��("
http://boricuacollege.edu/documents/20190603160437.pdf	y��b[�@�x�m�[(�}�		r]a�^�kx�4r��`��g��`��ce=�)zoee�	"�&t�N峉�]ZH�����$���N����,��Y{��F-�=D��Ӄ�a Ƭ[����7�7]I�OA2��d���#�y�������c^ ��1���0�u�x5c������!��Ju�[o�aC�X'iO`���  ᐮ���0""�v��}]���N�ғ�r�>X;�PLu"
http://boricuacollege.edu/documents/20190603160437.pdf	r]a�^�kx�4r��`��g��`��ce=�)zoee�		g1w�0k���k�kr2o	"��P�������E7h_�ՏAL�P4 Ǽr��d� �[*D� 4���I�̚��:�Z@Sѥ���#ݵ3���ngz�85�ҏ�ļt� �x/i�ƝDH����0���3���#. i��~��={�M��i���A����c�""�� �?Js���A����1Z�5���""r�rI�@̍cu4�J  �fTwuRz ����h�:��n�w�9cE�(;�`�����Gk�duk�cۧ$�1� >���=`:aė�K�]߼#�[��r��d4�(鴣����/�٣�ae=蹡�'?˰��a�s R�A� ѡO��K��� �׆�� ��:�WT� ��Lc�A����@F���5'�Ҡ~�M""�!��*}W��D��q��fe'}7�=f<��'P5���5���7��F�R�c�L����)ѵ\��2ѻl���ب�/oc\Y%�����o������5 �>DW\��1��5}x�#��m����"
http://boricuacollege.edu/documents/20190603160437.pdf	g1w�0k���k�kr2o		x;�]w��	"�vN�6W�af)刴�O���c���p""�� �`qV�D��%�J2� � ގW58�%����ޗ�3 ��'b��"
http://boricuacollege.edu/documents/20190603160437.pdf	x;�]w��		m�����q�0��_nf	"������_п���(Ԅ̂�j���O���_��7N�7N�� � ������7V�y G�����^��I�뤛��zj:!q�%�G�����Y��}����M��t�3 �Nr ��������������z��I���L6~�_������z[������������=����������_�������ȸ.���������H""�����{}a���.?��_����������������������������������D�z� ���������������_!_���� �������߼ ������a7�[_���7������?�� gc�2��������n���u����p���Ų �\�>�_ [(ۻw����>�n����w�?YDNJ�k����_�������b��&��p�feiv�����|5����p���4)����k�ݯ��A�vAq�?���{�\q\5d0���lD0���N� �}�i���~��폼�q)�0� ��i��^ ?[�;_��t�DDD�  �4�`�[�;A�魾�����0DTa���0�A���5��.  a< ��{����Nzk�"""" 2�\DDp���밸5� �����������<2��/�3!0��-0kw�m�I v�'���$�5Cg9 ݦL���� � � 0��o%��������PX:!m��N��~;^�̧ɂA��'w��n yqa�Ȝ�� Is�!�""�T���i�a$�� �""�""�=BI�٧�hz����T!�����[t��"
http://boricuacollege.edu/documents/20190603160437.pdf	m�����q�0��_nf		vc���������ՠ�����?��m�����o����s���	��o�� ����T�M}h~����Q�y2��_��K��Ѡ��n� ���5Ȏ�#/�~�U���M���: �`����Z�p��=^=5�F#�s�����]?����~G���P�_���_ߒ�;����hu���^����F3������ӊ����[խ
http://boricuacollege.edu/documents/20190603160437.pdf	vc���������ՠ�����?��m�����o����s���			��wa�}�܃]6����=����t���;�����?��
http://boricuacollege.edu/documents/20190603160437.pdf	vc���������ՠ�����?��m�����o����s���		o-բ���k�ͻ�޿n��=ell-�+�zȶ��kw��e�т<[n~h�qf�s̭�l{6	"C�l������0�>Ҵ۸A����Šjڰӳ�my��o~8� ����}�;�iSl0[$?�/�3���}�Wض '��gi@��T���[$> gL�k�i�n�`�On��� &�V����  `�xa�M>��lZ!�$��   ����d)�MMw��!� i����H��� Aw��|A� ���i�����i��a`�j �A�QdM������1P��_��C� B�2 0I�&�a*0���� `�g�vo*a4A���;, � �a4 �@�%<��ji���L�~�5Tz�' d���T�SA�B  �2p���q����� (rM���&��$��Lz�8( ���#�vP%b�Z ��]S�&� xP�;0�R �D ��9�iރ ��0���&�|5A���>=��O �aФ�<7�A����S��iꆛ�2 ��}��OO�R �� �!�n�n@�#�A�� ����バ.d�'�y(� �rH��_�l?��zv���� GOo�p�꺺~�H���$��L����� ,�4���0�܁�� ���20 �:�Ǹ*y��m�~>��b<�p�_M<6���� ��ʫ����w���> u B�6��A !�__]���.��M�m���D���� ;i�y�`�@;�!ם��Xx4�h0�l=���׷��v-�l�� �[�z o�ow 4L iY���,�χ�V��Ƈ��~� ����m�Чa����Ն�C�d<���� L_�������o�C�nӷ����`��Yؘiީ��V@�z��:}�v:�A��4��8k���� <4�A��~6��>�� ���`�A�� 0�[��|}�Y Lh0� ��}&��TA/ �0�A����� qan����R�K vCi�}��-8a>k�`�A���Mmn�DD�͆aa��!�D� 0�0���d""Y!0G\0Q� �����-Jħ]�Y��t�����,�a����G��"
http://boricuacollege.edu/documents/20190603160437.pdf	o-բ���k�ͻ�޿n��=ell-�+�zȶ��kw��e�т<[n~h�qf�s̭�l{6		k��ral��y�u���p�e|f��y��亩����!p�i�}3y��h�	"V��: kA%� �̐�I�Ʀ���9f��ڕt{;�A �G�=� �gq �tOW�U�ryg>��}ߍ�Iy�.���wY,����_�����V*X'��yb{��!`��Ţ�w�r>��C����(����yMb ϒ�ۼ��� ��""��R�B�f0n����AI��!�7o20�����]�3���ݫ��|�[�'s6 �|�?b���v]�\�� ~�:Z��"
http://boricuacollege.edu/documents/20190603160437.pdf	k��ral��y�u���p�e|f��y��亩����!p�i�}3y��h�		"qudy%�""�_lv�-j7"	߈ˈ
http://boricuacollege.edu/documents/20190603160437.pdf	"qudy%�""�_lv�-j7"			!H6K��t���^qD��
http://boricuacollege.edu/documents/HEOPSpecialAnnouncement-11-2019.pdf	x�+�ӎ�f�			"o��d���[�_n��.dH�}�TT�M�P֫&N۹B5�U�$�قNe�z W��� �� ��)r膅�Js�VW� 5�""�4[Y]�ds�ԺRuy�.U'�` �U � &�}�����Cw����M|R���*��ol� qW���� �'Z9��x.��`���͇�a~S��V�&,w[�4Uk�ԛ ���� ��[�j%-aﯰ�:�� ��)^1�m��Sa���/s��/C�\F��Q�   endstream  endobj  5 0 obj  <"
http://boricuacollege.edu/documents/HEOPSpecialAnnouncement-11-2019.pdf	ox��			����X:?���G����^�l媸�]���T�/_1��;�fl�H�.� �����̷�k �)�42� �˺� ��}l��CG���7܏��i%�ӳ�� 0o?|��v���H'$�sa��cS�N5h������9���M�!~j��m��2�Xy�]�aF���4�V�h�f�x���}�����0cG�4�͚���[�A Х�'��)�g��A�����H: ��m�S�2��m��_��=,���C2��I�!l��G���T��[J�gN~�J k���LɔLɔL���N������HJƩ�!O��*�ٷ5��*)C���z�����_�O���LɔLɔLɔLɔLɔLɔLɔLɔLɔLɔL����@v����ղ�]��_���D��|V��*6��e�� 6�u��l�?5 O��M��<�)n5JyXy8�d����,�ݍ��x��:w���ʿsS� ʵ�~���U�G��4���ӰoN�����5K����>=���]t�����V���؁�o��x����� W��Å�v͝�6{��֖���iMS�L�4�q��qc��jkƄ�G�9bxU尊�e��  �>O��a�Y�&�A��*�J� ��h�=� ƍ�/ʁ:N0�G�05��&�oW��OnF��� S���� �F�/����g��>>���Һ@�?zPՓT� � yy���,��Gy��>�p�����:��k1�j����^��-,��ţ�*4���{5�h��*�� ]ѩM-�u޼�V��jձ��ڨA ˿X̙m����﹤��浇�]����-Q��z����-Qg(Z�������
http://boricuacollege.edu/documents/HEOPSpecialAnnouncement-11-2019.pdf	ox��			Z�����qڱ����|�0����O�t$,�BǧLH��܄z�������\����<��Z��g�1. �F5��f��qGD�FYs�{{ O������ً<э���K�}��?��G�`���E�;�����o�[��:�pG�Y�{��о� �X���%ZX M �P�� ,nnQ�$�E�j���3� ZV_'���i�� ��M-����۽C��=���*�M��K ���t-��ڽ]X� �-޼h��k ��oo)�������wT{��Ni-�'7�-��*� �\5#Q���R��֌��p/��p�D �N��v��RD��q޼�<J�0%obN�¨� 0 ��� N�Z� ����ם0���%&�����H�=��u��UJ!v.l ���[���l��%0?�� Om�&|�����@c���m'V���JT_I�(�C�,hj�B^�Z��X�|�8�����c 46����� ;����Z���ـ�-���;� = }��zz����틆�1�z�-#��\������r�F�8��)Ξ��
http://boricuacollege.edu/documents/HEOPSpecialAnnouncement-11-2019.pdf	ox��		rdh�.�[�4)r�pi��!�]�)lrx��ha��$�q	5���悽&�
http://boricuacollege.edu/documents/HEOPSpecialAnnouncement-11-2019.pdf	rdh�.�[�4)r�pi��!�]�)lrx��ha��$�q		"y��a�p3cg�<鏨����j��""v)��=�^c��f�ml;���dq�8{��������t�\�rfu`z��x�p���@�.�˕(�j��-qg��sl�2�8ڧw1��צyֿ�#�c�|e9^!ʚ-�v��g����{t�)"	"&���C�� �> :H�>�����d��{D������J�����[�w�ަ����$�D��F�*5� �^!z9�q�ױ��_�D�_�H� ����Dϑ�Y�����j�4�O��� =Et��Ij�� '�O��=J� &z��A�}D}��*�Ot �^�=��jP,�> �K%��� ���v�""� ����I���h'�� �!� D��Ft �v�[h��i���n����'�Ft u��J�]Mt�]I�����Tw��D�]Jt ��J� ��]L��袘�ta�=t��{h��1w�1��a�ϋ� @��S�u�o-њ�� t.u_Mt��D�D��V�� ��YD�c�N�2�Lj��h �D�-�~����P��D]Բ�h QQ;�\�9��m4��D��g�Эt���h�3�Fe:Q3�4��XZ45�&�0%�&���X�fФXZ�Dj�H4!�������8��dl��m"
http://boricuacollege.edu/documents/HEOPSpecialAnnouncement-11-2019.pdf	"y��a�p3cg�<鏨����j��""v)��=�^c��f�ml;���dq�8{��������t�\�rfu`z��x�p���@�.�˕(�j��-qg��sl�2�8ڧw1��צyֿ�#�c�|e9^!ʚ-�v��g����{t�)"		s[�3�ҙ�[�����uo��-v�u�����ze�$��r������\���e�����ղ5k��j`;o�|�iu�ɲ�]�.�[��.f���������]��|���ko*]��}�������v��	hb3�,6���v֡�ۄEl1
http://boricuacollege.edu/documents/HEOPSpecialAnnouncement-11-2019.pdf	s[�3�ҙ�[�����uo��-v�u�����ze�$��r������\���e�����ղ5k��j`;o�|�iu�ɲ�]�.�[��.f���������]��|���ko*]��}�������v��		n�a9�j����<�i�wr�x1���	"�~��c��{���/;�5���Շ��ux��'̘�w�1om���g�I<�j�7���� E��hI��{��?�W�H ""*]�>�q�^�&��Ǎ'x��$ԩ���a7aފ��P�A��E�'�o>�v�Z����~�w�SU�ɲz'���]lۍ|\����aw�o.�zY��a{�&�g�>��Mu_gߓ�ǎY���CX!���8i�@��G`{,a=�ڨ�{eъJ?f?� � ��9{�=��s���(��^d�d/s�/؟p=�^�����1��� �|#���é�Ry��� ��Mb�٬��  ��l8��>w]����Q|�k� ��_�k�v���@VVu����K��>�o��R���G�<�\ّ7����7�y� �G�9�����;˹3ϩ""-Ec0���4C����:$�OѨ�!�F ��j�4i�e����Le��fC�z�`]n�=ͦ�i�=��#  ͳ G�1(��3����7.�����q�縌FWN�;�i8�.��Ǻ�õ�%��R�#fW(י��^ߗ���7""o� {�CkIu8Ӎ��Z\7��E�l1F��Mc ��⇴ti,��M�XA���V��K�`_�ý�f�p�P�q��W�z �BQ]j� ��O��'?'`��t��Y Vͽ�����5`u�LsEtV]]���* kksfT9!�� 9��6�(d�Paz�^uy����(��`�b'?gJ���� �>_a�I��� OW̩��B;7�֖Y���]���O�J��h���G }�d3iu)�tm̒bT��r鑵�ߔ͊�]��jv[8';���8�$��..6\�V��>�3lc�qQ���H)��{��� ���ﱩ�� ������ �[6���q�������q3V���Ī���xio� V}���K��,��Q]�R[�R0�U��&�;-˭b�3/?�.�<���LKў����Z��`���y�w�]]����#�=��ө5�37X�]f����^���3��<xńM����9�9������G���A]N?7� ��4 ٮ��Y��|��m��W](ڑ(�ʇ7w��Cث#�}���[yyFY�y�Ǔ�pWV�]*�T�L�  �,��܂�V�Y� �xf�.��]�=hb~�vY|8VP�d�d��<�}�M��\p�.,��ռ�9��qL9�F�  ,V`[����"
http://boricuacollege.edu/documents/HEOPSpecialAnnouncement-11-2019.pdf	n�a9�j����<�i�wr�x1���		h�u½~��:	"�9lbns��<������N�68&VA��&�mW]} ˄�-�AUXr���/:��N:� Ch;����#B���� �B���.�;-ۥ7��=�~���qܸ�y[O ��=dF�?:\_T��vt˰L�n�C48��K��2�j� t�F�l^�?�T �7G��7u�r��tt[�i#;��c��؍�ك�d��U��o�� Ub�T9 �/T �T=ĿDT][x�,� ��Qek�n ǙS�,UE^mJ?�k0τ!}\�'e�n""��A�m�^��*���N�PC�8��(=���`��!6Z3L����N ^c�����A�?w��!�'|g�Q�������� 7eJG�3iƤͽ�V=t���Z��`��f8R �[��4 >� (��m���Sy� f�{��A{bq ?��ʞXmv��\,��S&��E,0�e��aShB����wOT�OU5N�x~� '� Z �~����kvj�&�1#���Y>tx���C���H�q � �ʱ��X� W��:M&�1m��aG�b3iqQ.0ZL�b�7W����lJ�'n� �<�' Ϟ [���4��xo�nL��$<0&�ƈ߿�&ʎ[��þ�A��^���byy����F�Xc��g�lF�Yð[�/]���z�Uc ��0�_�S����Ne�s�3}�kc��� ���F�:�(�q�!>��B��f�����ʠ����DY�>��R�yn�M��O�/O7k��%T=��_� oQxj�)\T2m���q�K�EQp""�� Ɨ� �����""��""�R��;#3�����0x�^W��08�ؗ =c�Ў�V��a��;��Czfzj�<�hh�?����8ݸ9�]7��Y K�OW��h��y���C�`bu��T>bA]����Fw �pSL��>_��d��|ř&�-� �A�˪�[���Uy!��� ���ϴX2�cU��*fݣ���סce�,2�cO�Z� imi9��<�V�i��Rs�؅Z�G6�Qk����kmv��4�x��Z�f��;c�`������b����J��h5��_U��\���&�I��CLN��ت,�\��>��:��G�:�G �N���5��� ��c�g���2<yi&~t�I��r�t^��O�9 ��=�)��2�"
http://boricuacollege.edu/documents/HEOPSpecialAnnouncement-11-2019.pdf	h�u½~��:		"k��ϓ�ۋ���ț����f^!��a�*�=����""�}����ӳz�댼+�7y�""o��#o1�@�z佂�7��.r"	"�/t�H&g�@^5p�����@>�OS�O��?[�AUgi& � ����:BxM ��G�� #�P F�}�P8�����~���~�ٍ�58?(#s�����2�(  �3)dG��ԣi؉ ��Z4$bxeGZy��;���Ɣ���I��xԴ� [[J5C�j_rekѠ��XѴ~v��yo~M{���#�3 g�4^�yp��[�.aq�\������eoܰc��|ĂK�g�pvCɤ�=�6l�wIyٔ��#����u�Vʼ�_���͚����i2�w�r��em���|3e]W2's2���A��)��E֏��;9v's2's2's2's2's2's2's2's2's2's2's2�3Y�W���a�vV�֏iYQ�#\W�w�""\?c �6� ע����d&��g�� qg Uu7�sg&3w��$l �L"
http://boricuacollege.edu/documents/HEOPSpecialAnnouncement-11-2019.pdf	"k��ϓ�ۋ���ț����f^!��a�*�=����""�}����ӳz�댼+�7y�""o��#o1�@�z佂�7��.r"		jvu좎i�8v���܂y�%�br�5���:np�m-;���]�qǔv|`�ú�?i���f!���w��\�lk�f�xt�o��7ԉ�5�p*k���	"�׾��,CZ�KF^*�� o&��""o�V �Q�G�[�{y����^��ʳvn%� � ���#o1� B�3�ۈ�w��y{�W���뇶�l���]��t��y!�@�Z�m@�[�ۊ���yǐrV��GƁ������Y�L�k�>l\8���q�t]�]�7���SO�f˖��� ��h�# >��� u����n�춃a���4�=� P�4ݦ.�E� #�1�  ��zG��5����X�� �n�:=F�v�:��4�����#��uj��������) )mv�hN�j�����3���Tvj�3�������ә�f����;u�A�_Y��6x����� 16 ~hٲ�#�.������F?��*�� [����-���e�\:W�ٲ|��-�S��Z�骐æ9�Ƅe k¾���.��i1' kn����""��q���4�}5 墨I�&��3�&�r1�b�9������5�k�j�{.�抭�U�pѺG��x �,�(Z���斶5��m?b]��p���]?��,�f�~�<]��湕y��K��ا�X� A�n�p�<""Q�����0BF�G�����]�£տh�z��/�]�c5w�ʤʤu��RW�_=^f�}�}�2] ���_8E���=�84��4y�-� >�7� 7��6M�G�G����  �ⱇ[� �@���ly�=i�ۡ��3WǛ���|�8� :6y���cV����þʥQ����<����h���|Ti~|����aO��?��`�#���ɯ��6y��-�>Z�ٳ٣�J>y��b��G��Z�K :pd�� 9��X� �SW�|�9}��G�tK���n�U��K����#*  ""�a�{<�����||<�Rs ���صX}��xt��VZ����<1{���M""�R��z� a�. �y��y""=? Tț�Kh�N ����,�\lg-�=�����_�UW,�y;щb���9^��:�f�x��I^12�F�U�Y�䙕'$�H� 7y� =�!ڳjv�ċ���:���o������<^L�6uܭ�U�_ ��ul�[i�"
http://boricuacollege.edu/documents/HEOPSpecialAnnouncement-11-2019.pdf	jvu좎i�8v���܂y�%�br�5���:np�m-;���]�qǔv|`�ú�?i���f!���w��\�lk�f�xt�o��7ԉ�5�p*k���			"x�pZZ��lu�.��F�=�� ���IejQ��e�j�%S,��h�\����� Qe �^�b>��Ԭ�[]Yڻ��ݚ����r���s��؜ع�?�.�]e�g��-{�Nŝ�|!�p��:�틖=����[��Ѳ�""�d\���JI����Ue��%vO������D˺V�Y�E� !��<��xKi4Kb���4��O�*/�E�9�tx�ö����A�Y:�.V�:%vJ��`��* ^���|��$uH��R�E�ċ�LU�G�ۖp�(�mU������L:��79'��䍲�/=y�Ŋ)=���h9y�ȧ$�V� K.��3��L�9���D�\J��\�� �}E��z��vŇ��]Y���ԙ�@�ޔ�}��4A]��}��{N�>u���w������q�;��R�6���6s�����������  2�2rh�ЙCK��-��:�*�/eX���������U93r��ע����p������(�(���F� ����Ǥ�0���Ms�[m�����j�H�n��=&�8r��I�Uɜ4W��I &=˱t�ǔ��MO���"
http://boricuacollege.edu/documents/HEOPSpecialAnnouncement-11-2019.pdf	jvu좎i�8v���܂y�%�br�5���:np�m-;���]�qǔv|`�ú�?i���f!���w��\�lk�f�xt�o��7ԉ�5�p*k���		d����	�Ϡ �A5|5��Z8
http://boricuacollege.edu/documents/HEOPSpecialAnnouncement-11-2019.pdf	d����		r�dj!r	럍 ֯ɳza� !�w�<;L�l3�Gŝb@ �㑿
http://boricuacollege.edu/documents/HEOPSpecialAnnouncement-11-2019.pdf	r�dj!r		pcd��z���	"��������z4:b���~�E� H��T�}F��y7c�4��0��L""g��D�� ��}��"
http://boricuacollege.edu/documents/HEOPSpecialAnnouncement-11-2019.pdf	pcd��z���		j�q��x�ģ&5�gm<j�q��x�ģ&5�gm<j�q��x�ģ&5�gm<j�q��x�ģ&��g�<��q	b� /���v�xq�g`}F�筿��O�� ���5x�^�&�S�ۉ�vb��Xm'V��F���x#od�� ���>���>���>���>���>���>���>���>���>���>���>���>���>���>���>���72�F���x#od�� ��r�${��,^�ŉX� �d|��l�7���?$�D�>��[� �o��-�_����_����_����Q� ��Q� ��Q� ��Q� Ռ���y��Iq����g��� 7��h|�e�[̜�����8��X a��A9,��`07���̍n�F7s�������fnt37���̋n�E7�y�ͼ�f^t3/����7s��ُ*�#��z�x=c� ��������حg��3v�����zt��{�#� A��G�=��t��{�#� A��G�=��t��{�#� A��G�=��t��{�#� A��G�=��t�s� � ���2gI�������u�?E4��3D� m���N[7#Ņ�i�֦E���!Bg��  ��  ��  ��  ��  ��  ��  ��  ��  ��  ��  ��  ��  ��  ��  ��  ��B\�%��f��f�n�gd3��hĒ�X�9�����'3X��i��F��m�n�ۆU�XU�U�XU�U�XU�U�XU�U�XU�U�XU�U�XU�U�XU�U�XU�U�XU�U�XU�U�XU�U�XU�U�XU�U�XU�U�XU�U��j ÊO����F�~ ��n�݅���uvuĦ��y{va�.�م=��g��[J���ߖ���r���q��'�\=mYn4 ��E Z4ZJɈ2Xn쳬��~z�2�nY#�-��S�n��n�����r�^H� �C�\� y0�0�A>@!A
http://boricuacollege.edu/documents/HEOPSpecialAnnouncement-11-2019.pdf	j�q��x�ģ&5�gm<j�q��x�ģ&5�gm<j�q��x�ģ&5�gm<j�q��x�ģ&��g�<��q		a�|r\	".�q���}\��b �����>.�q���}\��b �����>.�q���}\��R�K%.��T�R�K%.��T�R�K%.��T�R�K%.��T�R̥�K1�b.�\��s)�R7����ͥn.us��K�\��R7����ͥn.us��K�\��R7����ͥn.us��K��۹T�Ry2�Ӆ1.�pa�eT�M#� ��uG�;B�ꖩ[�n��eꖩ[�n��eꖩ[�n��eꖩ[�n��eꖩ[�n��eꖩ[�n��eꖩ3B��Pg�:#���uF�7� /� /��X?�$����br� ߎE�������j�'�8 ����5| �0A�z�������'h=A� ZO�z�������'h=A� ZO�z""��h=`űǲ�( ���( ����9��?D� >Q����:��1��~ �c� ���"
http://boricuacollege.edu/documents/HEOPSpecialAnnouncement-11-2019.pdf	a�|r\		u;����t��f������(%g)9j�}t��8�)8d�;(�a�;(��`��	�'6�e����0�/�&U��[�^O  �g������g�Ò�����p �6ql��]�'e�S!�X/ҟ�����l�Llr�͹[��V DS�2u܌[6 M`IF�'�� ��Z�M� �&߁w�]��< ���[��_ -�oB��~���Й�5!;�u��U0Cg� 3{#dev����kj_���n߱$��>��W��7���Z��k\�)��6lF��ytz܅ � =ٽ�= G�R�ј���ÆS�>#�4�����0�pc��p������AU |�P���CT ��KT�E�
http://boricuacollege.edu/documents/HEOPSpecialAnnouncement-11-2019.pdf	u;����t��f������(%g)9j�}t��8�)8d�;(�a�;(��`��		y�����	"w��þq�o�#�ΒK�w""|�cO�6���˟&sd z�Oo��g|r���Y[�o�M��!�O�g|����O �ϻ_�d�:UO��������v�T�U��^-��N~r��zE̳>�IT�L���[�.ѱKt��D��""�yQ�� *����""�""""*""�""""� �P �8��s{�V���!֓��%������^�`c�O�.z�e�e�?��G}�h�N� ʾg4���1 ��O�ƽI�A�d��<Z�ڙhSG��E������}�]z�|9�;-��}�O�Pb?%���^JJ� ̫1J�%�a�olI��X�dpT�Zr7���89\�<���o���V��=�A?����.�n5�˽^�QwL��Rx��A��Ra �%Rb!%ʿ^j��~j�v��������Z�(?F�y��*� <.ɮw�Z� �P�v?�v}�w� �4D� uaEC i������B- �`/7�7� v6܁E� �Ê�^D��Ɲ�~�������2��#�_��/���e��� ��zY��0�}*�F��Q#jԈ����������}�������2����-#jˈ�2""�GԖk ��a�bD�Q Fj2�@���ǹ���$���Mx""lH���Ɔp�(x1���9������D���v��%�]w��w�r�C?���1Q�x7b�7�ZpIb# �bo��6���y�;/�?�FmJ��g/��.q�5��5H�Z�jE[��)u*�'�=Ά����P��p8��Q�,�z�h=W����^�|U�"
http://boricuacollege.edu/documents/HEOPSpecialAnnouncement-11-2019.pdf	y�����		n����d?-nr��ym�u��7\ze����i	܏%���/�����=���p��:G��Z.� ���rWg��]��y��=�}k=^�&���|��7��f�=�?y����ڰ[���{���g�ޢ{��='�#�����W��se�9�^����̾
http://boricuacollege.edu/documents/HEOPSpecialAnnouncement-11-2019.pdf	n����d?-nr��ym�u��7\ze����i		g�ϲ�;v�ekt��z	"lU=��\��YC:�j=p�ju�պ�j�k��?�N Z�&�h�U�՛���N �W�sV�G�Ω�9�d��/W ��˭�E��du�ѽ6g�]��ZX�����6�`���� ��6�����|@~> ? ��6g�� �z����[U��rsH7۬�mVᷪ�[����j���\Z.��bzP?��'9q;�����8]/.���%�r�X k;��N��Sl ��Aq�S\�W�����Z�íS�p�u���c�� ;M���A�0�m��.ݡM,|X5�Rͻ�óT��j U[���U� �ݨRwQv#e7���b��x�j�E5�""F�F�L��U� V���>��EemQY[�L�j�Mͫ�[T�6��껨��ڻT�6�MlS�T�6��R��T�6��ME˫bU����U�U�E˫`�T�m��6ժ�:T���TP�ZT�թEuڦ*T����ԢT��j��;U�.���K9�Qu١��PAv�]�E��Х2t� ]�j�T �ZU� *@�Z9�*�8�Q���6�&��d|��o��-��E�d{A�d{�l/��..���.Y�%˻dy�3��:W�^��%˪�oʨE2j��z���e�>�.�k#_eK���|]��<]!#*�����/*��/� �|�(_$��b�(���(_$���}�ZA��y �VЪ�V��z �zE�>�4ҧ�>�����D�>5Ҩ�> DoE�.���� � 7�� ;X��^k �� ѫ�l�g}v6hg�v6lW-�@��Z����Z]�յX�^�k���V�׊�hЊ�f��쵚A������e��iܝ��S�;���"
http://boricuacollege.edu/documents/HEOPSpecialAnnouncement-11-2019.pdf	g�ϲ�;v�ekt��z		m˿	��d�My���3T���tZ���;&���.?�|V=۽8�c��O�z�����4�7���o�JD�3����I����a�w�t�ͻ;u��ǢS}��~�����G��?��'�M���1���]}�n�J�Q:��:V��;�7j �X����5
http://boricuacollege.edu/documents/HEOPSpecialAnnouncement-11-2019.pdf	m˿		n��n��)�:�z�����d���㫾�|	"w �^q�>��O����.��{�V=s��s):��F�iĚv[���c��ֵǺ�X� ��c {�{ĽG�{�}w��n���~��o�{�q��� ��� ��?���WT� ���Sy��f&�R���f�ӫ����c���Qw}�] ��V�j�9���U�T�j�X���bL��{����S|�L���_w<��_����wX���=�Z� �Z�cTZ�� R� yJ-�u��@���Zl?����}� .��ݶRp1s����eD^F�9�b�Ɋ�=�� ����-f��f��歭��r���喿T��|�)a��?f�;��2Y=��z'�;'1��� OY��;�xȊ����v'�;�r� ���I�N*wR��ʝT�p�; Q�������n'u;eո��_�=""l<<%t��&�}Q�4�������< 9�T�'%�II���)'tʉ��#,�Y��� ���u� �n¼^��f􊹢d&��n�ۄ�6a� :ۄ�6a�(�lE�GI���i&t��h�^��J�ֻKzvu�{�]K ����OV����X�(��!��A�Ua�y���' ���]���;�Juv��� B��~J %��*^��V�;|ngt�g�ݏ���ݏM���f��C� v>f�c��num�ft� vggcv6fgc�k�m}���AߎW���;v�>ڎ�C�;���4�j�7~}� �mm�����y~򷀓'u�v�{ m;^yZ�j�|<:%���Q� �RɴT2-���w��;j���ML�߮ �i�ɨā�8� r�<�9��בթg��3h]�3� �nM7���A�̠if�z~g�4Ŕ��w&�AŠ�b�41���7��  �����۳��lt��>O�~k�f�ۼ�|�w��ݡw���� �Ò�O��4���Vy���5����6��ҵ����{۽���w�m��4��P��j=��T�uw ��TEz(�C� j�P��=��F%z(�C� *�P�� =ѫ�s�=n������ s��� ����j5���Se�TY���&�jn��-���$Y��-���>���v{�b[�a��Eyr� ��Ѣ�pg�5| ��{� �-�\|�pzâh�0�=����~����r��捡��Mx3ނ��[�6����t���xލ��o�^����>�  ��w�>�������Ĺ��  �?�c8 ��蘚��c5O���<��� OcCXW�Ϡφu���[j��}h�|���� @7� �;"",�3eי��L�u��X ��pK]�=C��ބw�pgj&��ocv�7u�ZZS�a]ʉ'}jX�~�~�~ށwz�>|1,J 燛�w` z< ;���`�7]� ?� n���S��E R0)N1)N�� �E��8 �� ���uS��W<���|�_�. ��2 Z����G���  6EGB����4 �7��xތ���g| ����|�ħ�Y|��E��""�n�{UtiX ��e� W�ʰL4/��D�2Ѽ���aS���7�&,�͸?�Oq n�������}a����꺰 ���� ����|�^{9lJ���Tdp,���q*萢��X�:��ݮg��#�����. w���E��""�n�s�ȹ*e�)�A˦|��MtKh�~���V܆۱��2<�ьg�'�`�C ڰ[�C;�� �ԄUj�*5�h/�0�2&�/�T'V� Չ����ځ�Z;�""v#��Im {0���v �� @ �۪�Z���i����iy�>/<����g�E��� ����R����ŵ��-M�4��4J�H>�L��u��J�GA�4 �tH�A���k���*��J�=#מI�F�=>;�uzȻ�5o�j�ã:���LE�_�G��OL��M���a�� ����b|��!�g��b|F4�7\f���|�8�)�gFߏ���p-���#�����^=��p%G��� ����8����8���ˢ� �/���<����<�Ϋ� ��� w����>��c ~�����<���k,� ���� V�� 퉷G�&N��%�p� � s  �$>�Ox>=,H�%����Ef��&�.5�}4��KCsrvhK�Fuɶ��So�S��(�� ˒��""}��/��W�m �����F����e� W`��\|�p��=a�z1S��Y�9:�v rh�Vt �m(�]�z��y�}�Z3����.�Tcf��2��\�e��2�����Tb u���xS��z���xg4MM��z������\�c��1W���~�V?f� 3Rb)u%�R��О�k�oO����x-N�ya�L�R�])��gE�����X�[p���q�/z�l��~�� � ;!�dέ2�V��L�,KES�%���1?2h^z"":t�Q�}�ј�cp,�ëp"
http://boricuacollege.edu/documents/HEOPSpecialAnnouncement-11-2019.pdf	n��n��)�:�z�����d���㫾�|		p&��g�	"GU����Q����f���>o�ϛ��f���>o�ϛ��f���>o�ϛ��f���>o�ϛ��f���>o�ϛ��f���>o�ϛ��f���>o�ϛ��f���>o�ϛ��f���>o�ϛ��f���>o����K4���$>�O㮐Ӊr:QN'��D9�(��t��N�Ӊr:QN'��D9�(��t��N�Ӊr:QN'��D9�(��t��N�Ӊr���k�%�:K�u�X�,��Y��Y��Y��Y��Y���OQ����\��Ų�XV�&ά�7���zn�Z7;O7;o��})ĉ 0]w{EWK� ���~�m���~�m�����%ay���d�):$������|�s���]���%� ������t�S&��ɢ�w�<�FY].��eu��.��岺\V���rY].��eu��I�h�.���&�I�h�.���&�I�h�.���&�I�X{G(�.� ?��X���p��y��y�sW�sW�sW�.��E3�hF��]4��ftь.��E3�hF͘3K�̒9�d�,�3K�̒9�d�,�3K�̒9�d�,�3K��!�-c��~��� 't�9:� ��B�9�3�r��;�����y翼�_�)���PpJ(:%t��v���B�I���_��_XgMu֤����g� u<���P��QV��:Q�( N'��Ο���N'�B��}5N���=?j�SF�dp�� �z���A���N ��&���G�ɣ��Qp�(8y�< &� M� .49\�RGS�hJ M]�K1;L7ML7M\l���q��l�$�3I�R?����� �o'�U�i��][C�)#��so>5M3q�L 9G�đsntnt^�,���s ^�<ܘ> �87:�� J�%炒sA�)e�sAɹ�dZ�eZ��������� �R�""��T�[�6.�,�� ؗ�C��C�١��P2�dL8g��3D)�c�~�_,�z2�%牒�D�y�d �c ʘ��s�(��昄2�%g���E�٢�lQr�(��f��f��f��f�w��>�"
http://boricuacollege.edu/documents/HEOPSpecialAnnouncement-11-2019.pdf	p&��g�		x��p���&���h��ŵg(��b	p �_���׃�������z�=�� �_���׃�������z�=�� �_��5 �j�U>j�3
http://boricuacollege.edu/documents/HEOPSpecialAnnouncement-11-2019.pdf	x��p���&���h��ŵg(��b		m=�<�p^pfyc�1��ig�3�zʙ�l��v�v�e	���������4;�}����N�uk�pp�!\k�XK���>C���c r$!�V�HB���::o7���ʅއ�s�ɵ��/Ag���� �=�=
http://boricuacollege.edu/documents/HEOPSpecialAnnouncement-11-2019.pdf	m=�<�p^pfyc�1��ig�3�zʙ�l��v�v�e		u�9z�7uo3d߱��5��	"���8�E�{k[hu�7� m m�������p���@rx\xF`tx^xQ`jxyx_�mW��� ݳܫ�������܇�����oWq���q� w�]� �>k'����v�;� k7uǹ/��� �t�,� � ��;�}Ͼ�}��Ⱦ�.��q?w?�۹���v{�K�{��������]宲��k�uv77��d�t��{�{���a{�{�ͳ����Ex��OG��m?q""��Hl$� I�$��#I���ˑ��F��H�H{jdXd�=-�T�Y{zdx�E���K����� � ��ȫ�W���ɑ��""�Gf� DfF޶���������ҘZ1u��1�b�ڿ�'r��z#5�d:M�Z���vj�2�Pj�|5Y��O���U�Y�P�>S��~�t�D~}v�����s��z�C^.S�' ��وt-'����n��E��Hޕ""8N/�c�ՔR�Oj����(! W�Q���� �:�/}��RK�6�h_��wAR�&�R V�Smw&�/r>����ܻ ���hx,ѳo�7Ʌ���r�lS)(c#����3g�Q���l�����Uo��� i��UT���c��#�U""w��Ve���U?B��z�s����� �T���x(���,j~L�| �~��� ���](�]�2whWA�����1����̨���h����ӥ;�G����W�&�oij-֖Q�""}�]TF��Կt�Vߖ[����k��6[���r�ƕ��Lh���Y�U����������UtS�4}�Zrs�UB�Z`P��vQJ ��oU���V�Z��s�~�F�Ӿ�_9��  �T.�h�kpOz�)�o���oK�㟯WJ�3��Ŵ|��^ ��$�R���  9"
http://boricuacollege.edu/documents/HEOPSpecialAnnouncement-11-2019.pdf	u�9z�7uo3d߱��5��		"f�^�e�ptf��yp�d����֤�dw�^����rf����dsr��va�����[be3v����s�bf���n�s�o#��6��n���""���u)�v"	"ԂпԼhȜ ����NܩO ��� ����7�]����a�(� P�� �����D��YL�2�S ��~���ȏ/�JU\[��T�/<*�.[t��WF=q�hK�}D����>���ԍ�h1�yC Eh�����Q��""ﶠ�A���N5D���""�z�����1��v^����cl���"
http://boricuacollege.edu/documents/HEOPSpecialAnnouncement-11-2019.pdf	"f�^�e�ptf��yp�d����֤�dw�^����rf����dsr��va�����[be3v����s�bf���n�s�o#��6��n���""���u)�v"		f������n��^׍����z]7��^j��g����ze7��ΰw�k��n�j���wt�7����ze7���}�p��a��h��v��i��˟q�x�������9u�:|�s�i�g���z�5	"���^�o�ʬ˼A��o��B� ��� ����M]������� E ��2p�<�������X��g�K����WN� ��RΖU�� Ֆ��!3ÿŏ)��S�qz9z��2 tѿ�*���UV ���2�]MQo����C�#��4��Ѣ��oU��b� ���<����ؼ�.���r�z�u����2�l7�Vz$7X`��Aߋ""C�d��Q������f)� ���J�{K#��f�Ϛ�  �k�]�}#��^�����t��4is�O[��⚖q �'lEغ� Uo��f݀�wzT;�AK��񘵎'�G��T9�D񸸽e?ũ�fޑ�Y�?���:��;�,��g��[�񇰀5��Z���b���VϘ�s㋕�Z_!�:���)u�dB���&��������[[��W���>V �����O����c������8~���~�U �*6�����B����W{�?Zf�bp~�i��u��Q_��_��o�V|A�k����ʯ�Kֲ�"
http://boricuacollege.edu/documents/HEOPSpecialAnnouncement-11-2019.pdf	f������n��^׍����z]7��^j��g����ze7��ΰw�k��n�j���wt�7����ze7���}�p��a��h��v��i��˟q�x�������9u�:|�s�i�g���z�5			"J����8-��%�� ��]����k�� �J>Q���_���)z�5��^w�O���7�{��|�^w����w������;z�5��^}��vF8#� g�3���q��z�5��^}��W_�����B�Cg����Yɿw�8k�o�zg��:|����ϳ��l��^�� vT��#zU6��We����l�k늈^�MT 66�����Z�����^���""9xa�Q?xY�*�$�6�V� �&�WqN��`;�<�!�Q� ��]\|0�O\J���TT׽���;s�� �DB !H�DB(""AB!�PB��f���af�af8��Zk���Z���z-��Zk��y��Z��y��Z�5�z��Z��z�����ݿ!�v���{��w��g�}����ϗ��������n�%<�M�OkS5�6������xZ�*���T_HjM�P���jO��֦����RU�xN����%�j�紩 �6��紩�<�M��s��I<�M��iSg�6�<�M=�紩�Kۥ��E<�M]�s�ԕ<�M��iS��6��Ӧ~�紩�yN��s<�M�*�F��^�S�� yʚ� ���6�5�����{xʚ�7E�""�m)RJ�ڕ������d5�/�㔏�r*KU�L�����Ǘ�Ҙ������c V�L�����`< ?Z6��ȊP%P1 ���?��?`���B3s�z?3P7���m���0#j��P�a"
http://boricuacollege.edu/documents/HEOPSpecialAnnouncement-11-2019.pdf	f������n��^׍����z]7��^j��g����ze7��ΰw�k��n�j���wt�7����ze7���}�p��a��h��v��i��˟q�x�������9u�:|�s�i�g���z�5		i���=�ɕ�\����w��:i��]�ǥq�yozgߗއϊ���^���g$`�ҏ�������w��]�hg�3�o�c��3�8˗~.�3oh'p�sҿbdb:�5a�x��t�+�<�\��g	"'�c� �~�^� �q.g].a叄�p�o��b��� ����{����G̹ �ū��1������ ��c��O��`e�t�L6G��}��k3���E�ڹl(g ��h�e�i ���""m��#�i�g��%���@�"
http://boricuacollege.edu/documents/HEOPSpecialAnnouncement-11-2019.pdf	i���=�ɕ�\����w��:i��]�ǥq�yozgߗއϊ���^���g$`�ҏ�������w��]�hg�3�o�c��3�8˗~.�3oh'p�sҿbdb:�5a�x��t�+�<�\��g		"i�y^%�s+��`e�y*�?�ƴ�'�<ϛ�y���""�snn���nyb2n�"	"be���`� �6��2� �Yvr$9�r�G��*��W���/$�J^���=����/a� ����&��q��x�q�f�����4< O� �ӬdWC<]O<�$��s�'���8��8��~R������Ӊ���""2~��8��x�#�=��)�GC�=��I��  ��h(�'��{4�ߣ��  ���R~���{R)�GC�=�Q~���3��{>K�=M�����4S~OH= ܜ�H&F��^Pd)��М� @�o�Jb�7o)���)L ۥpA� /��""D��-��/*�����_���j���P�>�?d�����QN�o��L^G� (�����U�� ��2��k��׉�y��fP�� Jz��f���3�/(װj���Z�H�s�|����ٳ���ȟ!""���@�����S�3�3�%��)J-zB�k� � Ay�Q��*�*�#�U�ʳ�r(�(O�_�[��|�|� ����)G�?  �ϳ��T>T���P�Q�J�R��s��U�}�~�K�Gy�$UFRA�������e��-�9�l�s�/V= �^��/&�/Q� �/RA���p/�_��`ϩ>?PL~`�� ~�X���%���@19��� ,#'�9�e��A��,ܿ���g��!�P��/� c��?S�b���u�d2i(�)�2�fR&S39�FrK(��u����`y"
http://boricuacollege.edu/documents/HEOPSpecialAnnouncement-11-2019.pdf	"i�y^%�s+��`e�y*�?�ƴ�'�<ϛ�y���""�snn���nyb2n�"		e��r�l�l��q�5xdy���5x@y�yɹɹ8��)q0�󒻓��s�ğ����!yu�*8��p_ϐ�zh����k�&��r_�7%ob�'�sr��\xdʌ�\�oʌj��s;;��tk�g��w���lhv4�g�qaǣ�e[��mm3�6��h����d;�v����h��2x��_��	"Ǫ��I^�JIujr;j8��p���'�� ��%u�Թoy� �|8�>��R?��[rc�{��%���Ȱ�K����'�ɟ< �#_�Ky�\�<��җ1�����פQ }�d ��ױ�'ϐ?�;��əKߒ����m(w&e�LZ��,�3م��I�Y 9��L�3)�3�F�I?d�I�����c�����y��I�tX:����LJȓ��'i�NJ ��)�4ƹ3Y(�B�frOR&�Z����'YO�!V�g�CΤD�,]�u�?)%�� ���(��P�!��O ̕nI����|� ̥��""� ̥��')�4G���(�,��*�"
http://boricuacollege.edu/documents/HEOPSpecialAnnouncement-11-2019.pdf	e��r�l�l��q�5xdy���5x@y�yɹɹ8��)q0�󒻓��s�ğ����!yu�*8��p_ϐ�zh����k�&��r_�7%ob�'�sr��\xdʌ�\�oʌj��s;;��tk�g��w���lhv4�g�qaǣ�e[��mm3�6��h����d;�v����h��2x��_��		a�3p�qbt������۳��7���[.�u8:p	"���*?}�^#��2Ԁ����� ��~�hhA[���v��qxB �c��]ӗ]ߗ  �ˁn�˃n�  ��gV�w�� m�z��ϵ��]6|Q�����j����v�""?����]9|E��a�J�?��z ���G��H[�ǩ����V@�����L�K}������ jA�a�m���j�z���쓇o��S��u����B �� xu������ʾ������b{ 4�o4�o'4�o7tn߾����@�=�Y������ ��nVoL�b��޵��^�w Z�wJ��H`m||Js{7�麂�19����̴����3�x`Ô�n�s��.�^�6SY� �ʾI���.���`Zmve`��i[te���v�=EΣ� �F���O����*{����=�t�'}> ����������r����؋Я��/W�o���VL�����-�:�v{#t�� �c_F��r?7�_����\�k�=*7������8�~�n�t�{O�M����t6R�t��݋;1���[�Oۃ�z� �[uݽ�]G���1ҵ��C���Ơg��@�m�^�W�F�]W���u��˲^��&��n �N ""���CGe?:��{o�B׃��Э�9�6��p�m��-�&= M�~ �3�.@��.C�]��ݔ���� �{��}(;���nCK��A �0��G�t�lj��]��Z�M ٢�hK���Fo���gA����e�\�Jo��-�Z�e�����m�V���6���n��F�����5\Cy� �Y��n�� �.���=��)�e˖Gu{m���eZ�z�㻃��Sz�V o���m#5N�Ǽ��-^;t��  ���{�a�~��C݇���a[�����w��QZm��� �&�i�|d�L��}ֻ�t�'}>>rZw�V) ���% ����ݗ�{G.�&l5��kx����������c�{ޓЇ� �H��{��( ��\֝����umK�S=i� �����S� ����m�|�'�{���t?�{_>��ek�/��ش�����(_m�`_K�z����cЛ�-�����{�q�C� �*? pԠ����ݷu�7��f�' ��C�4�Y�����$?8�ln��^������\��@�^�����Y� �/�_��ٯA �7�5���~V�>�(�����Po�]jm�WC��'D}�m] ��Fj�O \���62 ���H�Is�������Pw��_��1��!�_������k�Bۦ@�a]�R����@��ĶU>�5pӰ�y඾ܶ���a��~#W�\��Oi�mW`��ֶ������to� �  �g8����I}}��@ �p��O��c���'��A'�7B��o�^�� �ҿ#��p�WP�u��9�{���c�&�I����;\i䲾�6(5��?���ǃ����� B��`�~��\��C�T�~p�~E?F�z�Ez^q��I�#��:4��4��4��>����%ϝ�{Oo�] T뭶끺�r��wZ�H�� �[�F��v'��Qk��Ց9� ��@�^��,�hr�A[IW8 �zGI0�3I0���(�� � VG������q4�w�`1��e ��I��:Z� � ;�8V�]ɡ�b� �t�w���Q�� �/�����|�n�K;�9<򃎝���Ƃ-�� .���X��78�C�:�::F�k�� �?�#�m�㎝�f�q����$�>�������֞_&�ޗ3U�o�*7r�g�/Oަ;� ��:��W�k�� �JS�,�U�z��j���ɿ�qʱ;h�8����8�8�w\r  �;�:�_��85|�c�q&�ǜ�s�q)�x�\mT:n�E�dp�1�qw��n��\k�P7���V����8w #�CW0�ܥ  � ���'�EE���ҁ���8o *�������(�ǌuu���ƁF�. 4�������.ýMW�猆K��2` ^1����F�7x�� �ę�]9��9�(� X v%n4�6@�����g�~�a"
http://boricuacollege.edu/documents/HEOPSpecialAnnouncement-11-2019.pdf	a�3p�qbt������۳��7���[.�u8:p		k!f�)<��غ����غ�ul���_�d��7ƺ���l�:�����ŷ�}v���o�l�cz�w6v_��o�����%�dm������!<�k�o2t�]�wb�~ol�u��g�������)v�`����۬����������-�q?h����[���c�8��nz����s�y�&h�yg���k�ac���.r	p�sv�!�S \���L����i�L�5��B9ƛ���g;�g����:��r��8Tةv��J�ٙ� �w�9kBU�{������C q��v.�x��m%]AWѓ�:s�-��; �ˇou;ۆ�p�Y;˜Ʃ���ÿ_!y����k�]��wV:�C��}����]N�w��à���ΥN��C� ѝ U����� C�s��� ��6��8���u����n�F(�1bwn�Sk��S  ������q�t;��EA��S�~��'�4t�3��%7u�v�ڝ��������}9 ��u�c�K�\�I|�yeN������<��&���U}�� ���C7:�:onw�p� Mv�r�����b��\BX9U۩z�W����yؕ�j�qe�S╰� '��yҕ�����<�* �����*�^@�L�E^��{t�Wy���*\�y�ﶝw\���P��� WC����l�ڰ���21Wk8kj_��ZH1 .=g �I�j�\V��� �S���0e�d\�� ��/j�)ǵ �y��@FG�k�';��е-\g*q�Ľ�%B�r���v�FS�k_��Κj]�N��v��fS�moxߧ� M���a�i��T�bһ΄m�u ;i ���: ���K�8���X�v���� ����\�#� �c� �[H�� �����M2�N&�6S�5�c���,��q^u��5��q��R<�`�i��� ���7�������nD��7ms��)w5��1�wF�ȴӝ����4|ȴϝ ���GM�E�R�w)�9�����i�O�ϒ��^0�rWc�� �l:��N�}<|�t��h4]r7C���akr� ,���&���W���0M�-�:�]�-�lz�v�W�J�7|���k�%�t���M=v_ ��[!�������'�3�B�j�5��9 ]���f�l��8���e�l��������������m��6���r�^��Xq���XY�a߾X%ṽ�c�#��='}�c5=�S���;Н������-����k��[�s�w>���4���M��z����� ����ʘ�*��X�U����tF�m��g��� ��X8�@����\q�C��/����
http://boricuacollege.edu/documents/HEOPSpecialAnnouncement-11-2019.pdf	k!f�)<��غ����غ�ul���_�d��7ƺ���l�:�����ŷ�}v���o�l�cz�w6v_��o�����%�dm������!<�k�o2t�]�wb�~ol�u��g�������)v�`����۬����������-�q?h����[���c�8��nz����s�y�&h�yg���k�ac���.r		rt��n�i��y��7x�,w<�����ݖ[�m�}�;������у]̳;t�k�쓅.�s0z�+�s$z�+�s\�v�xneou�y�d�tz�g�w��&bu]�k�ʮ*���%̼��������u�<w�7��<�]�c��^��w�v	"�Ulꕄ{]%L)�j�d��?�J��Iӭ�g�Q���Wx�U�����qǺ*���>ῆW��&� W�1���j=� ��� �����}֫��P�c�ư:�1W�<���VU����:9������zw8 >.rU����,�L�r8*���{S� bm�}Y�J�B�n�8v�7c�L>؛5\)��;\������ ��� �w���j<�9� ���D���J7g������I3�����,s�{<� �3�E���\s��P��\��ĸ�3W��F��u��2s��t����>�1g��Izϼ�}!4ɫe��t�!� �0�t_��� ��r���e��}/�f�� F��ݼNF�S� q����?�����H�  L��6�gE֙�fG6�7 �B� ""�x͌l%�a�2X �- (�� #{��5���=żg�>r��pi���`K������I���PUQ�|z�(��g�#� ���9��Aw��:�ԙ� ��曃��}� �k�^�n��ະ7Nn�i�#�ͷ7En����� �� ��懃���E�{#����H�%q�p�Y��Eˬ��Qɒ=8!���Ǣ鏮f)<ʹ^��X��D�,��ף����[�K���h�e���h���â��� !�`i�H�&�ѓ��dFӧ��ɑ�Zܞ�h���)��-aOIt�e��<����TEM���ڨղ��uX�z�� ��Fe��'���F�X�=���� }t}��� 𘢣�� kp����l9��@'"
http://boricuacollege.edu/documents/HEOPSpecialAnnouncement-11-2019.pdf	rt��n�i��y��7x�,w<�����ݖ[�m�}�;������у]̳;t�k�쓅.�s0z�+�s$z�+�s\�v�xneou�y�d�tz�g�w��&bu]�k�ʮ*���%̼��������u�<w�7��<�]�c��^��w�v		dyh�ly�2b���+�*��������y�l�8e�e��^�y�cq�����,)�|�q�,��xz,k�y^�l����	"��{���8b��v��ý���1�O$ֵ{�8k� ��N���~�ҵ�f ��o9Glq��up�;���u��)��I� S� ��:��J�Uuu���-0,ˊ,cY�e�eB4 �  �?`� ������[�a� �(�!����Y�e42fKV0& Ƅh1�3,�(��k �!�_U�F�193{Ξ��{�[O�^�z?�� U��n!KW�?E�L��E6��O�C�w�y�@1@�[ ""���{�@�X~@�%�������PS�i�f�`�(��qsB�i��(��/يlNQd�b�.۳��gl�mo����.�S�[�8F�yJ(��l�N�O �� b�h��*~(��߉eb�h���=�qP| ��K��"
http://boricuacollege.edu/documents/HEOPSpecialAnnouncement-11-2019.pdf	dyh�ly�2b���+�*��������y�l�8e�e��^�y�cq�����,)�|�q�,��xz,k�y^�l����		fdud�������q#���r;y���n��b������q�]�o4x$d_\�ŷ�����䏖�{ŋd�����.6�	"������c��[>�\�[�-��� �3@^�3(�n�圡9���S��eyk��s4yON""g�ܕ�B� �ܜs֚伒��t�����9?��i*�i������2�众s�4*�D�YSe�os>1���X���Y?�w��7�?�����r�h&�  �k�q[ X �Dk����kj' ��E��6��S[�-�Ѧ�h;�]�ޚv�vH;���:�����bm�#��_7ޯ���i�6m��x| i�B:~:�{!I�I� �4:O���}xUȯȯI~U~��m�*L����7Q-����/�����GE�����Oȿ�#lx��N�w���:���A&�$����f�E ��c�LCLC�=�a�a"" o��k*5����UX�i�i�(�7`��ƚ�.��U�p��� �?W��c.B�ļо����б����йЅ���UM�.k-W�  ��ZY�6R����i��K����4��iqm�6_[�-�Z�U�ZmЪmѶk�� m�֡ юgSx�vJ;���.�P�v-,��Yd 燋���&��P��pE�R���pu�&\G�iJ�Q��S�H�1� � ///%�%����u�4~��fx �f} �d�I)�D<$̢�(G"
http://boricuacollege.edu/documents/HEOPSpecialAnnouncement-11-2019.pdf	fdud�������q#���r;y���n��b������q�]�o4x$d_\�ŷ�����䏖�{ŋd�����.6�		m�v�k��m�v��%��9���	 zT|H4B\ S߯�����DOH��#FI���U�����c��x�T(�/�� � ����5� ���Ιb��m�AL��Faǻ�|��4I.�Ij����S��I �T�� �?-�PZ*��Z��m|�9�<�N��.� ��G��P���[� �J���K��:D
http://boricuacollege.edu/documents/HEOPSpecialAnnouncement-11-2019.pdf	m�v�k��m�v��%��9���		"cj�{έ�n��9��-�i��^�^��""�r+�{ݫ�k{h�5�ՠ-�)�%�ݽ�ݞ!�e�����@��#s����"	~�t�\�� �&856-8#63�}�wpV�!t-֠��Π�j�?�����1M ӂ�X H��h���x�x�V ��� \[�U�
http://boricuacollege.edu/documents/HEOPSpecialAnnouncement-11-2019.pdf	"cj�{έ�n��9��-�i��^�^��""�r+�{ݫ�k{h�5�ՠ-�)�%�ݽ�ݞ!�e�����@��#s����"		b���#8�	"E B������z�z&��y <��� �T��і{TO= b��$֔#X�����)h���y�t�'J�3��o�{�'�n�̣Y�yR��=�H�< I��x֨�g=�rKc�g�ZI�]Fz���n�l��t_����� � ���xc� �b܋<Ǩ��s�s�d��bDh�� ��""�4�9���e�_B�F��-�\��H�,�p��Z���A�a�B�p��4��eޑl����1D㼵d��n�^�w�Fw��t/�6�MzI2�Լq� �|�""�*����[�-^�t�}˧���:�һV��n�z��������Z�e�v� �~��r����J=��� ��ǉN��vh �k��Hcx��g����o7�'��|�����{���}E�_9�u�W����U�j|u�)��4�Xs�tO)i[��ޫ�����Z�D璾 �\A�:��,P�}�YO�7���V�V��y��6����T�o �c������E�l$ M�����~�<Þ�5Z�S4�җ�� ��h ��S����u�������Elפ34[��`y���� V�����&oƳ�h��-�-����������! &YG�u�U�)�-�����L�ک?��T��6��x�|���? &� O��g�U����;������ ܍�\�> \�ތ�����`[p�H�<��^�\�]�����R�>��{��K�ĺS�;�;����g�{��(�$� Z�Nu ��Yҫr��.�덾Kj�����W��w�g�y�!�� h7��\t���K�#���U��j��ϻ{�Z��w�/���gx��g��,!T#t�S ��ǒ��g5ҙ�?ퟧ������� ��U���������j��&�6�>�A�q�|���d�� ������_�_�>v�l��""���{I ��� �%��0���t�2PH�����/�u��<�|��S�#�����p�90:0&0��� ��3 o�V������s��|�2ߡ���5h � � l�/ �zTdS��� ��� �/�x�a�o2 �B��,7l$j#�J��hWî�D {�>{��� �5 B�Q�D\�It����qaƅ�.�K �  �\��t�<<�<��x�1!�U�,c�S�9o�b�x��'�;�䒋�׆��N�yxf��������E0&�w�0JH :V�q�2�vSÄ�A]  7�}vꨫ�Q��6��p� �Q����C�:�4p��9 �N�ǺՄuT�@�| ���x��Q����� B����zaҠ^�'��0���!�1�F� \4���}ju����ML#�� :\�n�����$�@��  �s���I�#���E��E:0i��uِ�b`am/l�����O�vB{ �C��:z�����, �7�>����""\2ڝ�M�'\�� ����}{� t�vu� ���3�Ct�z�^ٰ��}1쥄7__7���"
http://boricuacollege.edu/documents/HEOPSpecialAnnouncement-11-2019.pdf	b���#8�		ea���s�=��0��z^�wm	"���qv9ڏG� �<�>�D��ʯ�^V�$>U9�w��;�x�����6���T� �37��r�<��� ��Wqv""���e(�� �3��Hi���P� �l1�A��\/5�?��&���F|d~���Kg�� ��/�� ���C��p�;T~��|�]���_P�y�, ��"
http://boricuacollege.edu/documents/HEOPSpecialAnnouncement-11-2019.pdf	ea���s�=��0��z^�wm		k����q<[��jȳkm��g�q�����[��-�1�^wӷ��-~�v���h��¡�.(󫊴ʿj����ü����0\��d�q	������~��˻���Q{?��ܓb���]��0� � Jcѷ��.W)�8���9�<����TƓ�j��vEe��B壐���Y�ː�eȬP� 0'��OpVF3`��<�#����@�)<{[ ��E�q����_�<�����C���1ʲx 9k�r?� Ġ0�5��� �b^� ��F �/П����� ���:����'�9'��G�W��G ��= ��w�߂�� �-��_h�E{/��QԌA�K�Z�,��'�� ��(s�zf����s�Q� g_ ?���z�� ������
http://boricuacollege.edu/documents/HEOPSpecialAnnouncement-11-2019.pdf	k����q<[��jȳkm��g�q�����[��-�1�^wӷ��-~�v���h��¡�.(󫊴ʿj����ü����0\��d�q		v1�`�pf�2��6���,�u�r�	"U4����C�!�G`W�8vV��]�tؼ(��P���� �Ϧͅ�����T~� ��YKۂ�d��b̝q�~�|Xl�<��m���7����4d^��{DBk�� F�:�c��""�� ��5�#v� kB��&��βXf�[�އ[X�އrm�{���?��������J��ǝq/\#� �H�b��5o��^�=n���d�V����o�Y֥��׎a��1�7]$w��ԡ%�湨�<����""sa! ����S��Cj�g��@���f �y���*6�����~i��~���~�����R4��},}�/�=�᭲ wmصmcM~�8�a�k�/{�l)��(�H��xBxM���@��,���C�;��ӑ�ɵ��\�7�� ����h ;ܽ� �� �k��;�?�iU0y�����ȡ�`<ԇw��{n�Y�ƿR� ��;�<�M7#Z��:f��Ww�ˆc��b% �̈EF�i�ĳ 6�� �Y�)5��.x�)J����e�m!��ݺ���Jv��U�r��$`�����f�hN8N0.���)O�� {�n��N�SZ��&��#J ���d� ����>��.}�� mكC��e�n�#o�� ������>�H��Īr�&�.�;֏�-�Z�Z;d�?����B|J���-��2:��v2j.{ �J4eh�"
http://boricuacollege.edu/documents/HEOPSpecialAnnouncement-11-2019.pdf	v1�`�pf�2��6���,�u�r�		e�?f^)�eì�������)yt�	�w}� 4 ���a��e���O/�Y�5�i =͓X����XV�>,Y���C��ȭ�C�X{b%����!ٿ�^��w_�g\�=3�K<��[{�[I���#��Wr��Or�Ѭ����ZJ��2h����<ԗ��B�z�e,~���va�S�ׂIݠ6W)��6�\���a��pV%�c�`Y��J;�s����-�`�b��zIiP�o�2 ��� [�[by2 ��ү070�Y���<4��Uy?`��������Fy���c�;��(�xl�ZԪ
http://boricuacollege.edu/documents/HEOPSpecialAnnouncement-11-2019.pdf	e�?f^)�eì�������)yt�			" �1�a��i�]� �߅�=����:I��Å���  /��Bh�@.��ƨuD�I˿����n�X�47P: Σt �M]�p��J�t5�����s?<���(J""� ���ff�w���������;���$����5� ,��@��zf�?������V���}d �� �:�����2 �N�5`�p�b���N�8r��a�:�ѐ@�&JM�� �u����\Tݞ�0����0�U�3p�l��p 8� ѽ@�yR$K�{G�YCt���hƈI8 �� ��㕏�����p����w�?�@��""�t=r�5~VZ��[|΄ �h��ג��J�eFt���oBn��Cx��m��qr�;��JnJa��lA�β�C^��r��2���dTQ�0  �'�rx W������� ���_G/�g ��J����<�p2} �S)Ѻ�Fn���Mc�טU�,�""�a}DY{ �m""��e�����}g1L���.�Q��Mݎ�c<�;�2�i,{�Y&G߮�o�4�;9y�\M������|����'o�����͜�����Eg� �L���""��O�ث�<������0��{��� �!����l�S�KJ�/9K���@���`9�4b��?N�& �������)�u�Vg�����D?UF�<(3��Fd=Q��E���0ޜ��&�*�����? ]/�K��� �d�[�����0���s�0́oy�S]���ݧɾ^�CS,�N;�[dɢQ{DV_ �����>h��4j���^e3WF�,�m �6�ބ��T�`��F-��nh���ڠoQ�G�GޖH�h�;""{Gh�ў08#�z������R�r=��1 �j�s k�[�N?!���""-�/ʼY?� u ���m-��,�Yh��f�滎z�c 3�� ��e�8�;�%uu �>�|�NK�z����2��dE7]�v���|ʯcN�L_&sYW��,�^�I�~���x�Kɚ�w�S��[�k ���= �Խ ��Г�� ǽ��emO�p�u�i.x�)�E�� t���z""���/��� ���f��h�{r���.�\X�:o��[䙰�w��2ӑ������������/�~$-Q���Wi����| �?)�� � ��N/�|-���8?��1�����OB�=\) ��_j >��*6w c����SZ�7r7,��A���!W��x W1� �C�;��G =Z��P�1���f\N��7��7����#s���� �ax/��Ld�e~� o�=��q4/�/�`� }y�U� ��{ȣ�s���Opw�X�ptD����� $���|C8Fh� GJds'� ��g8^�JG ���N����Jx�� rh>�mu������7�aLD��""�#��ؘ m�J��^��.� s�_ ��� ���L[H;�c_ �<����ѕɽ$�b�*rS,� k�0�U��X�vlZ��]���4��Jd�c?�R房�Z��5��yG �S���9� ~��& ��S7��j�̲ ��\ ������ϧ�X�i����`�!D�  3��'V���/h�s�0����N�ݍ\�;��r�>ȷ��~\=��� ��E&���_ G®؄W� ����� �bJq��!�O@��cчks�g737� M1��`� �7 �T�*�$����� p�pmD6��lE>��� ��ѧ�E��l {� �B�/@����a*�͆536�a�� �KȜ�� ���&P�A��#3�q�"
http://boricuacollege.edu/documents/HEOPSpecialAnnouncement-11-2019.pdf	e�?f^)�eì�������)yt�		g1^7�	M�2����y2o��T_����;9�V��86�&�Gө�AB�e4��õ� ���B�.�e��U% �e0��4zݜ� �3�
http://boricuacollege.edu/documents/HEOPSpecialAnnouncement-11-2019.pdf	g1^7�		c镎u^c~���c�|	"3�4""2��<�w`�����pWo�e �e:r:rFl�s�5�� Ӓ[��!ߎ����d~�'1��;�L���  <\����u�����;�ϐK���jA�3hsoFy!=��R�{ �]p "
http://boricuacollege.edu/documents/HEOPSpecialAnnouncement-11-2019.pdf	c镎u^c~���c�|		w�׼�o��{��vw��j�z�6���:��^�w�����.^_	"c� R)� �w�?�W���r;�[:7OSng�����dSe�ժ����Q � ���M��|tR��T u��_�PS""�""*A�U�����4S�T7��]���&��c��F����a �ݚQI��tu��N5w����.��-�/�a�Oݧ P��4UB�6 ;�Vm;�|S��ݥs�45/W�W�����XW5V7�V�&�]ݭ������j���aj�ʡN�JSU���WY���� C_Ruq(�RUU緞j������Yݡz�v�T]����G V��5=j�媰��J�j�C�j�Z�6���z�@�R����Q5@ Q�j���i���}̭�'����p|�^��ͣp&���U�>���3��6���>}5����aQXք���� �%l;� r�`�� �p(  �� ֫�? N�O��p9\ 78ǽ�mp'�  2b� �?�S� � ��}�`QX�s�Â��:L��ac� ��_�t�]`wx7��a��;$ ���CE�g§��.����1 V���&� ����;���~��x~��>Cc �)� � 3�O�k �`{���} 3b�`6 '��p�c�������:��13���ax  >����Ix^&h���C�'��T� Ú0#�E2�l�`[�� �i\��'��87�K�2�_������#p�h�J�_;�9 eϭzY�OҸu�0����H�[��g��Ԍ�v^匷=r���?���4��_,���FK G�� �Qg�%��S�P%�M�J$��O���ժ�u��*�G��I�5�uL"
http://boricuacollege.edu/documents/HEOPSpecialAnnouncement-11-2019.pdf	w�׼�o��{��vw��j�z�6���:��^�w�����.^_		s�]`�v�]d��v�id��%�:��.5��k�%s�]f��&v�]n��v������l3��}�4�oٷ̍�m��ɲ��wm�ʈ1-�z�ִ����~h?4m�g�#��n�[l;��n5����cs���~b:�o���f���2�g�3��~n?7���s��o��.��=h��	"�ϛB&�T7�L[�� 4cM��g��9(�J s�t(p޻����3�p�(��i~@%x8/�y�y�K�۳��O�~�yqu���)� �o]�G���)~���U �w,p>����Y|iy�u��W�Y�� �����^�|�ڭ�� V� ��=�]ΕpkU�H�;: ��G����ɺzftl [G�.���zΥ��Q�����K��t���n�Q��(p�Y�|w��=�*p�w�y�b�2'�O)p^�R��  �,o[�}����bö��E��7G�����v�)7Sg /(\ν���%���ɭ�f��nr�������;�T�w�;������2��m�|{����7% �iad��.��;������""�fmw^��F��*W Q�׆Dת��NJ'�N���&�G�]Q�&���B���4�� ���6��1׺��.���k�)��8��C��\_%CSU{ĵu� ��\��;nr��r��������������mG{��ޛh�?K:Pr3% �Xb��� �p'-�g�nJ�P������M��Z��]TuQ-�j�[&�rQ�h7��k�&)����0������\�&��˼��/� �&��YN��{=�#� o��ʿa��=�e�Ǽ /G=����U3�_�_ԓ�Y�z����]͖�PstL���:Y'�g���r5W��%Գ��.�����j�����:]wT u� �6�Qz���V���C�=^mғ�d�YO�S�=[�V����ڪ���j�)���4�*n��,�oژ6�6 �B����� � �xA���W/�'��� � ��� �ý���`�wm0*�5>�M���P/�D�)�=/�\4�� �|G�""�Z��E��E&���[mM�-o˛����jS�V���嶊�b��j����ְ5L��ek�ⶎ�cJغ����f�LS�ַ�M)��60���mdJ�ƶ�)c��&�����`��涹��f�,�f[�֦��i{� �O ��m��T��"
http://boricuacollege.edu/documents/HEOPSpecialAnnouncement-11-2019.pdf	s�]`�v�]d��v�id��%�:��.5��k�%s�]f��&v�]n��v������l3��}�4�oٷ̍�m��ɲ��wm�ʈ1-�z�ִ����~h?4m�g�#��n�[l;��n5����cs���~b:�o���f���2�g�3��~n?7���s��o��.��=h��		r�,����r���]��g���®�q�i��4�44�4��emq��˴ȴ��֛��	"������}���n�/�U3��}Y5���Wԍ�U��ʲ �J�¾n_W-��M�ʮ��Uk��}G�����T[��}_����z՞��&ֿn�ܬnvkg��h��ճ���V��v�[mo�;�j���v�lW�ǭ��ڽn����s��n���g�n�{Fw{� Vw��=� {B�i������=��_y��<��Z[��V��������~�����U:v1vQ��&�M�:���}n �o��7���K%���Ӗwo�����s�)Ǽ`�{�/�UЙ���M�Q�Ts�VuV��~a�{~ �,sԓj�Z���7��j�ڮ��C�u\�rO�ʋy�I��I���4�㈤� G&=�qT�_�1�I�9f'M�8""i""ǑIq ���;�pv�9f'=�qDң G&M�8*i�;�tv9 �� �8""i:ǑI�s ��;�rv39f'��8""�I�#���8*i�Үt�㈤��#�f8��""2��Oz:��3Qd�F�y6�̼(2�,�""�0��sQDGy>�Ȓ(""/Dy1��KQD^�""�,�� QD^�""�""���(""����Ed����EDd)Y� F�(""oFy ���(""oGy7��{Q���""�~��Qd�E�Y EfC���|EdS����l�""�%���(""ۢ�| Ed{�O���ND�!S6���0""�F�EdW��QD>�""�y��QD��""�/���(""�� �""�e� _E��:���(2�""s$��ߢ�|E�h��G9E�("";�� ""r�L��?��QD�G�1��OQD~�""r""���(""�D9E�t�_����""�[�sQD�E��(""���""�ڭ�}��էA����1�s�����""��i���cs�i 8fŀ�1;�sQx� dpƹw����ﭷ�U�TUw���{׮����O��l�|��HFv�dfyFAY�Qp�g���f{���sᑷ�# �H1��h���Mk���sd�O�δ �F��>�ڏ���X:����D: F�w�]z�ާ�C��>�O�S�B����}I_��� }K�Y��(�$�Xh�;�֣�� iCDi'�$ڕF �M{#3��1Ȋ��}A ������ ��!t��yt ����ido)c)#f\�""�K�%��TP*$yJ��""RQ�28�wbv=K��f�Mx��7Ysט���F��o�4�h؂${�xX1��~�u\{�Ar��$g)��b<����q �D֒�d'ɒIb�Y���K�d�4�Z����. l 'i��H���H��JU���3]IW��t=L�У�M��� z������qc���� `����5�ut �{# �%���Ч9{_�Z[w��t�K����"
http://boricuacollege.edu/documents/HEOPSpecialAnnouncement-11-2019.pdf	r�,����r���]��g���®�q�i��4�44�4��emq��˴ȴ��֛��		"t�""�s��ex�-,��k��v��`�2��k"	"m�c��Ϙ����f�f8�����jncn�ϙ;���ys�9_��a?���*a�7%\銯 ݔ|K���O�g������ �l*����%���u�z� �L�đ���[`4�Q\q� w�^�#���#S��(�� ���d�A����7{i/,݀d�eㅽ j��7�] �}�Ƶ�\��zH�s� q�M"" �]�|���&���e��\P.${ʅ�""rQ��\\.!{�%�R���#벯�'����|_�|����������-|��w�=| ?��#�?�Oq�D%��� h*M� i:�D?� ����NS$""f$�o�<b��E��$�\Q��$2�K�d���X��*C���TT��ZB�F�QЇ�!٢N��PWH���Ah"
http://boricuacollege.edu/documents/HEOPSpecialAnnouncement-11-2019.pdf	"t�""�s��ex�-,��k��v��`�2��k"		cmlp\rw�	��İ��}����c'a��a#n*�=�Y��\&�]�w9�n�K}���|�IE���I��,�b~a�/f� н�#Ex��VW��,Jk�5�`d>Y��k�� e r�1���T��
http://boricuacollege.edu/documents/HEOPSpecialAnnouncement-11-2019.pdf	cmlp\rw�			"�;�{�.��]�=s�r�:�D{ڮ��  U�0��S�u��V����DW� ��% RB&�����i� C���j�l��=�y� /�.�\?��x���I����f?�]�_:��Z��aڨѧ��x� zF����_x?`�Z灡�_,�W����%�x%����/�����V�z?-e����Wǔ���H�B�E��M'�jS�����[77蒸�Z��-t�;?�f��%qa�I����jbM�� �""(*�JhaA) H�@D�ň��A�$��J�* � ((UċB���F�vQz�@� 7�^`�ݽ�a� �yg�;������<gΘ���=���B�M'�tp��~E����鼞̫�z��d�"
http://boricuacollege.edu/documents/HEOPSpecialAnnouncement-11-2019.pdf	cmlp\rw�			�5F�y���n]������s�1���aq��G:��C[�-$g�fg�T��5h�W�1��}S!��;0��`f �0 ��qa����j�y�7nq�g1�xx*U�H������ 8d� E��&̚��|�o�֞&(  3��� g��3Ђ| �c�e�m3�5^9f�E��>�r�h���{K̡�v:�S���s� =�z� e��x�o~e
http://boricuacollege.edu/documents/HEOPSpecialAnnouncement-11-2019.pdf	"sq��i��[�q4��\�^а��{w��uh���k�iw���b��{�a���k.�g��ȣ�x������j�,���""gk��"		x-�j'���膞���ml<�믋f�m�mh�o�\�[{����3��ƌ��o��q�&�~�s�	6F2O�� ҃�
http://boricuacollege.edu/documents/HEOPSpecialAnnouncement-11-2019.pdf	x-�j'���膞���ml<�믋f�m�mh�o�\�[{����3��ƌ��o��q�&�~�s�		q���5����us4���+gh	"6 VC6�K���bzR��TB� �S��é����h��4!� BNl����ۨ ؤlT�U� W��Ր�����.R�$ ���?�!�҂�Gj���T�`���獩���!&Z��Ri���DF@�  �����T�� &Q��<� ��H$��h����A�����FEL V�.��!��B�> ��r����hH:�`���@u��`���Z��������� ����_""c!ECЅ�K�������j} �C���!�ب�����"
http://boricuacollege.edu/documents/HEOPSpecialAnnouncement-11-2019.pdf	q���5����us4���+gh		ud���_�1'�0����ث�	"""�R��9t��ܷ�w����b� ��#�A~���|�/Ǜ�p����f�1�O�;p9:��� ��E\����kx2z%�J� w�{�Sx��t��V܀c@���&��'�B\��y�w��y=���*G�Wʒ/EejL�$��ġ�F��y��CF��I� г��0[bU �8�}2-���ڤ��P:�r��II���fdh��P U����5�P�V���ޯJUx�w����n;���9�v�%Z؝��0K6���p4��@�,[ �B�6mDv�b�£`6�<[� 6YdL� u��yFU����������]��ğR��l� �X�c:KD�D�ET-j] �DUU���YDD �X��ټ�� :�}A�wF�x4�� � �e��!��3� �:9'E�L��H&���""�p�1�j���)eD�"
http://boricuacollege.edu/documents/HEOPSpecialAnnouncement-11-2019.pdf	ud���_�1'�0����ث�		"m�u��t`z�vy��o��2��q��³:�&�ˑ��2_~������{��q�څs�w��������$;q���jb��}�d�a3��![��4�z""�����+͢��͌ҥ0s�hu̴������pfj��e�,�쇳����re6ƣ-c#�����5�l:"	"?ޛ� 3���{v�z���Џ�L��������H��M�`K�J�>�Q!5V�u[�8lA�D q[D�U*Z����Į�d LJ�i���q@Y�ǗU �(�1Ld4jd2rѢ�A��<P""�EFeY��:�i�cg���������m�E'7��Q:z�5���e{N�l"
http://boricuacollege.edu/documents/HEOPSpecialAnnouncement-11-2019.pdf	"m�u��t`z�vy��o��2��q��³:�&�ˑ��2_~������{��q�څs�w��������$;q���jb��}�d�a3��![��4�z""�����+͢��͌ҥ0s�hu̴������pfj��e�,�쇳����re6ƣ-c#�����5�l:"		a^�۝�gn�ą	"Y c SfǬ����JNOv�a�hë�-""*��U�45�uVF��> ��L���X! �i�IL$��ͫ~P��A�Çe'f��H�B g�F̙�h<�?<�x��i�>�}��c-�|�c�8o���zZ�ɸ ���f�ǯ{��'�zgά9�yii� ]�{?����5� -��X��'�m�� l$z̀����j�pF�&�J�k����6�;�7@e��^�w�� �o�9W<n�}$� 1(�6�`�#�iR�1��"
http://boricuacollege.edu/documents/HEOPSpecialAnnouncement-11-2019.pdf	a^�۝�gn�ą			"�p��ꚉS�I �S�9 _���� �??w�K6�Y���F;\���F#5���H�T�a3Q�Ζ0H���(R#�Zw .[G$X""��N5 �5\� ��Yɱ ����f4�W4�L^�� ��i�1{� & -I-�.�����""��n��*��(RH�QSO���On�pn_�o��u�-IL��y�5��h�� ܼ�MG�O""i(�R(���k��"
http://boricuacollege.edu/documents/HEOPSpecialAnnouncement-11-2019.pdf	a^�۝�gn�ą			x�ߧxݓ�� ��Z:��ʏ_ =Na�M�;o .(@�A�<�<|�h,�H5X#��Iw���4S��-���L�c�� �2B�2aW�,�*���ǘ� )i��n�
http://boricuacollege.edu/documents/HEOPSpecialAnnouncement-11-2019.pdf	a^�۝�gn�ą			"ګ����ş ڨ�k��ҁC�_�Īkz�W'D)� #�Kn*  � '���� �G����FJ���� ���y� ���ke��T[��?����?7���۩&Z�9���Zt��~��ܛ�5�8�-��Vn�:���N�#b:�K�@QO���F���9h� ����i wB}��J�6�<���>��3""u9� Ő ��> ZI/�r2m/��2(�������Z��HNs9��֟�8cO;� �^���Z�;�z�� ���=��.�g�Κ���[u�)-���Gy v 1�U�����'*��%�F<|�M���F���ь?z.�P�� =��Bc�[��:�*J_~_$sp��� �N@y����K=_ؙ&��O�1��*XS|L��*.������Fc� ��N�#���Z�}r�ꍵ�/� �p��ﾓ�]¬��O =Q� ~͞[l �p�yI<���v�$-w�� �"
http://boricuacollege.edu/documents/HEOPSpecialAnnouncement-11-2019.pdf	a^�۝�gn�ą		t�v��q	"�����~y��Z���wzG����W� ��[���s�[uгo��y|�o�?�Gz#Y-�@�*�}��M��N�{����Sxv���� :p�6 O��zp� ��z����   �~}\�S�/���w.y���{� Nǯz'����.��K.���&q�QP��̬vz ���ꏊ�������{(����XD?aA���Et/  ߎbn�� �\�|�i0�p���c��N�b$?�B�$�=�C��9ZB�\5 �Oui ��_�d�c�����dvѿ�<��CWN��%�w�$���z~CM�ĲF�""� ]7a�wJ,av���@�<�L�E&����"
http://boricuacollege.edu/documents/HEOPSpecialAnnouncement-11-2019.pdf	t�v��q		"o�hѹ#&|��{�䆢��_iw�9��ec�#!r@$d�ˈp�""!<�$���!�"	"D?� g��t��]�w-t¤�/�K�?k5-�߂��Y3��#�H��d�K""O���vK�Y��HW���hU�>hgRO䶇��X���a&m>�ه/�=���QW�i/cZly|��p����ٳ�l�)\����# R�R9��( o����͢������h� R(xb*��Y�-�����0( "
http://boricuacollege.edu/documents/HEOPSpecialAnnouncement-11-2019.pdf	"o�hѹ#&|��{�䆢��_iw�9��ec�#!r@$d�ˈp�""!<�$���!�"			>  stream  x�]��j�0 ��~  �Cq� �C��A�ʲ=�c �a��� ������6�����ҧ��%�@_9� � � �=��ԡ�mںr��D���9���T]��qN����B�J��C�4����I�-1�����RMt6�b&]�}�D�i� ���\#�c��alp8Gc� ���J���M�QHQ�`� g��SvW�����3��wef�SvP����b���oK  endstream  endobj  32 0 obj  <
http://boricuacollege.edu/documents/HEOPSpecialAnnouncement-11-2019.pdf	i��e�sh�		h6t��p�-]v23��hj�g�y�70�x�(�&�[��������̐�����8j���{-l�����i[�b��k6�7.�#��o�q�nkhٜ�:�i+�x[��,��&ce�{��o������$�d����ƙ���{rf	"��3�c����I; =� ���a�w   �ظW��44)?nK�� ������ � UЅ���LJ����w�a�>�R�p�SRj ������C ��=�XƔ�10RG�ƨ޻td� .�F�0�� ���� m�L�c�""��""SV^�_�����we � vl�� �1� �TS����w�a�>;W38��)�5X8��3�{����}�A �|�4v�Pt�����Q�{W�"
http://boricuacollege.edu/documents/HEOPSpecialAnnouncement-11-2019.pdf	h6t��p�-]v23��hj�g�y�70�x�(�&�[��������̐�����8j���{-l�����i[�b��k6�7.�#��o�q�nkhٜ�:�i+�x[��,��&ce�{��o������$�d����ƙ���{rf			"ߕb��4gb#M�u�l����%S�G���8��-r�ݵ��d� o�򂞚tv�q����b�o�Z�������l�?��lv~�id4�>4ee>P/��\ ��,����nim��""E��742�l�y��GO�����IMd���H�h3;�$�u�~z�^hc��K��c���R �-�m��أ�Բv���d���ڿ��C:��sY�O"
http://boricuacollege.edu/documents/HEOPSpecialAnnouncement-11-2019.pdf	h6t��p�-]v23��hj�g�y�70�x�(�&�[��������̐�����8j���{-l�����i[�b��k6�7.�#��o�q�nkhٜ�:�i+�x[��,��&ce�{��o������$�d����ƙ���{rf			5��I
http://boricuacollege.edu/documents/HEOPSpecialAnnouncement-11-2019.pdf	h6t��p�-]v23��hj�g�y�70�x�(�&�[��������̐�����8j���{-l�����i[�b��k6�7.�#��o�q�nkhٜ�:�i+�x[��,��&ce�{��o������$�d����ƙ���{rf		g������]j��c�['��1�����$����%�9��}�p[��z�z7����oi�f�q�y��ϡ��&�ҩe�ȼn3������v��gd��1t������!�~�p�݊���t�ڋ�|ư��i�-[���so��n���\�k�q���f�v�![��m���-���lݚ3�7����<amlt�x�7�jv�o�e��~���hϲ�2ϣv��e�lk�nf���z�����[�lwt����5���up1�k�^폓�]e	"�-��Xs���c?��,k""��%G2-�D�bML;~i��r�=�|;��ߎ�ygǤ� 7ʑf�O����"
http://boricuacollege.edu/documents/HEOPSpecialAnnouncement-11-2019.pdf	g������]j��c�['��1�����$����%�9��}�p[��z�z7����oi�f�q�y��ϡ��&�ҩe�ȼn3������v��gd��1t������!�~�p�݊���t�ڋ�|ư��i�-[���so��n���\�k�q���f�v�![��m���-���lݚ3�7����<amlt�x�7�jv�o�e��~���hϲ�2ϣv��e�lk�nf���z�����[�lwt����5���up1�k�^폓�]e		l���ѯ|�����$��	 �����IN�E��Ii�U�� Y8��;�mN��I����4b  ;����,���A x3�;M��ҍ�?�#췳F�Ϛ�~o!�-�������M ��C�hp4��
http://boricuacollege.edu/documents/HEOPSpecialAnnouncement-11-2019.pdf	l���ѯ|�����$��		z)����hr��w:�����i݀ss�b�	"�ٔ�_��k� #S��5����uHX�F�O[��;,L2�3���Gs����w�����P�%���-U��w6�:Q�|� �=k�l՜���ӷ��L~�ĳß~{�� & �ww�Nr�?��)�s�g�]��<��'n{�󥚟J>Wo)�z�\�=���P{dZ��勇������0��""�l8�e� Ŏ���Ҿ�9~W�'���7��8�0�[�#�?o����7�p(�>�3v��gilSY� K���RY��l#K�w��ʖM�bfLH��%SQ���.���xgPy��}�뽮�}�篹�}����~����s&x�g^X4�z�BU[t}��(�o��� a� ϰE��� P����p���l��˔d�����.���Ҁ$� ǉG��.}}|d �Vӏg5����7H_� e���3�:ʑ��=zF40��A����m� 5 ��5mm�s�^�,����  ���}ǯ�8�Ok���  �=��-���RKe��5�Њ�BX�Ǭ�������'E?V��`߳��9t�K��$�\��,����\�1~���N?��j= ��`�]�d���W��1 ���һ9L�iv����7C""j �/�J>Q�N��^�=|��Y�u�i��N Un%v�`�F��ԕǞ�G��B{�����r!_�?"
http://boricuacollege.edu/documents/HEOPSpecialAnnouncement-11-2019.pdf	z)����hr��w:�����i݀ss�b�		u�]z&0�u��9��?j,�m��zn@�ǎ%o屷\��f��)��u��j��9u���[x��=n1|�	{��D������45'؈r�-΋] �s��15�������Z%��G�c�� ��ϹGa��_=�|�m��ow�3����{ ݮ�4��4C��K���NM
http://boricuacollege.edu/documents/HEOPSpecialAnnouncement-11-2019.pdf	u�]z&0�u��9��?j,�m��zn@�ǎ%o屷\��f��)��u��j��9u���[x��=n1|�			�@{�{O4�|�r��7� �8q�=�������l�^Q���q�$�s[Z.�m=�]. �LK������ ������׆�nU�'j?�Xa |�y�af�}�Rh�S��B�锬��������ާ����^�w/���|n�~W�O�Уz4�A�HA�����RD]h�jQ��D�hU�m��ݸ�(��Y��@�MJ��:���!�>2_�t ���:�h�a�k�� �7���,��,�1z�f�ri��'�'���XJe�g\k
http://boricuacollege.edu/documents/HEOPSpecialAnnouncement-11-2019.pdf	e087f35411e8c441b860eacac2f98b0c	i��e�sh�		] /Filter/FlateDecode/Length 132>>  stream  x�c`
http://boricuacollege.edu/documents/HEOPSpecialAnnouncement-11-2019.pdf	e087f35411e8c441b860eacac2f98b0c	e087f35411e8c441b860eacac2f98b0c		] >>  startxref  113760  %%EOF  xref  0 0  trailer  <
http://boricuacollege.edu/documents/HEOPSpecialAnnouncement-11-2019.pdf	e087f35411e8c441b860eacac2f98b0c	e087f35411e8c441b860eacac2f98b0c		] /Prev 113760/XRefStm 113427>>  startxref  114638  %%EOF
http://boricuacollege.edu/documents/MAPb.pdf	lp�g�u7����\����			"~,l���ߟ͋��Y���-͎�Ɠf��M/mi��L3��m��<�b����TS��ʔ���J��ߕA��*!���G��s{H@lBᎇ��!_E�oZf�  %SP��A��%�Q!�.�%*�zz�1eol\��g��Q��b�%�> Χ�!�����dܦD0L�lV=k� Q~� �l�p��<""V�V��2XTj�\�#x�z�;� "
http://boricuacollege.edu/documents/MAPb.pdf	"c��%-�afw4co����\ѕ�2�g�����3�m��u)�7lqa{3l4""""ӂ����t�a1��6�i�6֑�qv�d���if�#m[���]x<ס�@r���"			"so:�uOc ��r��{�I� 0A���E\�a����!�?���y ?[��Wag��gۨ�:|���(k_��/�hx�@���q �|�ِJS3�6d���` Nj�}��&������=� ��]�=��q�e ��zMm�j�t� B��V��*j{}{]�� [\����1ah[E�:8Re�42֎Vtr���S�usyW""cA]]Q >�l�w\T�=�; ����؂{���K�"
http://boricuacollege.edu/documents/MAPb.pdf	q�.�6\�ńslo\�b��j7ǰͳ�w�s��y��i�+)�5:�q��+����			�������r'c��������m�ۙ�1�u�4=E�'���8>���)M����s@�����x�t��
http://boricuacollege.edu/documents/MAPb.pdf	x�����ab�ί!�|}�-��l4��-hߓs�js3q,		n�w	��瀝��U˘� |ٻ� 9�3���]��s��Ama �Na
http://boricuacollege.edu/documents/MAPb.pdf	n�w		jg�i�t��k�[@���	"G�֛�{�=�{#�W ��#Bt �K��c�A �0c��ٜB�q���@I�@��# S� J��REot7�H�A;�����׳ Y����""�}�]���<�B�t��{ �xi�9�v��B'� �X���"")�Y�ѷc����1x�&x��[_5"
http://boricuacollege.edu/documents/MAPb.pdf	jg�i�t��k�[@���		b��,pr��	�� ;$� �� c �\0V��e:�������:�D
http://boricuacollege.edu/documents/MAPb.pdf	b��,pr��		px��ӑ�c�n��	>stream  H��W[o��~7���G1X� r.�b!@2�R�YAQ�A�J���䥬$��=�����iM�0,�3g�����'W��N��6��:��BZd�-dV���:�B���������j ����n7� ���'2]�B�L��o 'We�ş?M��9��gzz�g��1��'|iw�LNO�����3�dG��d�����Դ�E������j��9�r��Ydvz��k:B�E���v$;�1�6���F��=��B��E�� a���.��|LA�@U��^ ���=�S��1^L�K.\�( nu� �9A1
http://boricuacollege.edu/documents/MAPb.pdf	px��ӑ�c�n��			�5���j>��)���$�R���ϐ�������}6tN9���Z��F�`U�E�JwO��v�1�)��nU���R4 �� ب�P8n.�`�e H�c#U�����\e�&g�dsǅ[^�bU�iٵ0XjXB'd�`�5~qWU!�Aq��W�/�y� .���j
http://boricuacollege.edu/documents/MAPb.pdf	px��ӑ�c�n��			"��3�.� �Gp�c�@�'��{�w&i���� t>�[� �>� 3���o1�r�QN?���.܌��Y�~|ǫ�(�`3! ww�0��~v��BO?�'Z�7�A �`��l���ݝ�ߖ w�dމ8�kfK�0F?\9����S`?H' 憐��t�2��6�������6��C.\�2&�ڌ6)y��w�]!��3�09e�� ��g��فk� �[�虦. _���b��|=  S�'a�* �2)H��օ��h��Em��/��2� ���6�ˤ�=<��p����; ���WeZ]X{I���c��J c^�.(��U��s��W85�}�l��U�'_��,����C����gY�gRH\1����i���� ����*5����3(�� U����ˆ���) K�1��;�z푾��S�4&vM����8aI�r�d-ݳ���/g����\���=3����3�����MU�a��)6�C�П����a��la�.� p� �-6�>""wE �0�iH��� ����� '��v�^�����dE��1��v���"
http://boricuacollege.edu/documents/MAPb.pdf	"n""��1����:��+'�@�1�d"			i7OM:� �C:;�G�E���N����ő�
http://boricuacollege.edu/documents/MAPb.pdf	a|k�t���.-�m`��%p}��'�s��g���գ��		j�	p#G8�Vg�rZQ�T/��B��0��c�@F� �=�aU���1=  3M�����6 ��o��x��,~c���#���� ��^�]�A-ř�Y�� ��nS�qux�c�q�j%�y��F#bHE�c�K ��:�C0��⎔_���7X��m�]��� C!�� &��|�x�� �h�Ϲ��\��064��^�>j��ϼp�����\' ��i��B��N8���#z� � �
http://boricuacollege.edu/documents/MAPb.pdf	j�			p嵏m�o_�Lrb��C��^������/����u�ݹu��v �� ?�ck�=|� ���<�qc�~���?('� N��3��� i��C<��2� G q�Ml�a�F=!&�v@:�w�Z`X��(S��$ �wG�M!.����?�y����������2�`i�p�����e `rp *��I� ��A���6�ޥ�֯KB6ʖ�=U���X�K١e:-��%!�K���'u�z>��n^C��>q��\���-�.kc�Z���o-q�����5��j�5۶3H� �?$�~ x����M�N*)h%�!A����[�eH��,��[� ��*����?����S�y�o� �޼�� ��pfݬ��z>�����/f�kJ��P����k%�_?�u��ɟi%�J���]vqv�Z�������Ia��U�f��p�j��� ���]�_0�O�����r<�Og �Vs��'�/`>S�Cj>;чyy�敉e���$~�yy�0��b^��`� �z,��_a>S�Cj>;q�L ��k��߀��0����7C r�A�jI�jI��C)ʼ�y�Z��qg��f���(���ck��s�jU%� a>S�Cj^�2��GV���P�y ����ط�'ǿ
http://boricuacollege.edu/documents/MAPb.pdf	g�w����l�		vw�q1^+�g~ý���_	�oD߃�͚o4��C�b/ ��;}���}�ݪ��̕�2U>CuA)��1<�`8zi~�� �Q� ,��6�7��� �Q��ò,E3xn��G_0a�A��G}ˉ�{��Cwn}�U���TU��S: �`���=(}� �f�nEP����ZX���U�A]���ւ�]���` ^_��5�π
http://boricuacollege.edu/documents/MAPb.pdf	vw�q1^+�g~ý���_		a|bt�r|�f��muf�y��v�	"�0 ٠p&4 a��!4A#�����9f!� � sar �E^��.� �`!,@.���� ��""�,���e��ː����}X ˑ��y��UЊ�VI��% ���j�k`��.\���y\�\ �!ۑ=��""/Wx\��R�Up���� ��*�F؀��耍�M 7�&�5 ���ҟ�:��p-�z�Dހ<7��ț���p#�� y �,� ��-���V�  ����_� �1�-�_�/�[n���[p��_�6�v���;�w�v�M��Aޭ� � y/܍��ހ��^�)|"
http://boricuacollege.edu/documents/MAPb.pdf	a|bt�r|�f��muf�y��v�		h��:��:5�p��gu�9ۄڂڎ��gv��c����!l�����5�u�cb(c5!l�[[�-5[t��_$,	�F0 & ��`1� `�LF�@�A��h|F姑� T*�9��d�d�-8�mf ��`4�b� Z��h��JT�S�N p w�x2��j�6 �y��ʃ����΁&�A7 ΦQ��y� �j�� �d�A��cG3K�=�6��n�h��ap6�JT�S����s�gL 8b�'����tX!�bu��4�X�A��JT�W�4�9�����X�]�;.���� 4� �a�h ����x�X�O�9�� qN{� �v� ����) 4���A���JT�W���A�՝#߹\���M�`���� ��rĺ]IM-�4�JT�S�����)�����;���If��Do<����iM-��M����,  F�٭�^H�z�R0�<�I �&x��YM-����W4*?K��F�� �.) R����v^Z*F��MK:�$a� ����Q�YJA~�L|�٭RS!=5)= �.)73 �51)35�ɠ���F��D�<��(x��8�Uz:d��f0�R �Y�ɩ����&�A7  ����� �Zm爧@
http://boricuacollege.edu/documents/MAPb.pdf	h��:��:5�p��gu�9ۄڂڎ��gv��c����!l�����5�u�cb(c5!l�[[�-5[t��_$,		l������	"0����ד}�D;qZ�����%�)e�� f�I�`���^���k1oT��n  _�Gམ� ���%��U��׃=���yf�k��b��?�y��<�px.8Ouʧ:��:�SN��n 6ojJ�3����!� �F���RCY}���r��b��\��2;�2R��p��2�>F��ft8��q�b@�/e��%_�$'_2��S��� ����{N]��  /Z���""�� W��� [g��ي�P�e����u%ְ g*, �^��qQ�JS����� Gw���*�wS�O�H�U�{<�@�{! @�9�}k����/��"
http://boricuacollege.edu/documents/MAPb.pdf	l������		t�r���u�����ګs�vw��ƚ-��٫��~�x����*&�`�����]-<����'z5]@󘬮��ҭ���'zb6��_	�hLI�UE� �$9]���srFW��{�o
http://boricuacollege.edu/documents/MAPb.pdf	t�r���u�����ګs�vw��ƚ-��٫��~�x����*&�`�����]-<����'z5]@󘬮��ҭ���'zb6��_		k����i�ɣ��.�g��k�x�sn�	" Gl� ss��}Ĺ��1��o ��س�����[/ �f>ѹ��U�$sgzFd�m,��З�yvȐ� ������E'��7�^!���-�ձN��` թG�U?�JPѪn�Q4$��l���Y�Z)��L��tZ��2(����⧜�tJ��4���q�*9%)ŗB��f)UZJ�>uI�)�w a3V���lzz��u�@�E�EI ��e��9�0�0���_��}�tx���� vF�l�O�L��rfe�\v�����-=� ,����m[ӝ�LLb��$������<�x��ߑ�u=����,�J:q�U�W[o1�n�9���/�9�� �2��q���������m�6k[���3� �7 &\��M��H�.m:��o)�L�\g�jQ�,  e�/�t!�]��C�J)��jD!@�B�����q��;� &P<����1AP[L!3ϻ d% ���ʄ��������ut Kaiʶ�p�d��d!9�ܒ�&�]�!��� %�z{.�(w�����r�|������>""���=���|Ǘ7�r� �/������)�5�aQ:F���:l=sS|��6� �%������d�-k��y�\TT {r�����6�`���SR#��pkd�}7F ɛ�ׂi��M�)�7 �o�b� ��b�v:�f��v�i�������%7��}��v v-�^�;y��&�b��c�[K��r�&X��U}��p���]O{��O�?�.4$$��'�V�֙f��I���݄�| ��]ntmR�Gx��k����X��ִ3n��#�=g�)'����@g�'� řT*�� y3f� 2{l�ٓý>a�����jn�ⵁ�wD�n�NM˽ �D]���F>�|Cd�k#������mC忈̗�R u�W�l;M��]�Z�^����=䞴�3  �h�>��5,}��d���bCNgv�������Y���N���)�8���۳ia-�=E���� Υ�.����L�nwm����ɢA�O�8gM'�{�**{ ���/qr�Gd�ɣ��G {zO� �K%��Y�693Ř2$Y��_�T�.C������C��\�>.̵�3 ̪����ѡ#���|o��i�����"
http://boricuacollege.edu/documents/MAPb.pdf	k����i�ɣ��.�g��k�x�sn�		w��#�΁3�w��w�?��	"���6-MX�0.�x�j��J -�ÎO  � ��&іO��TYK�!Ϳ�=���|9��_�X��S���c� ���@)F�<�������S.�p'�Xǀ� ��p,�]Ÿ���uD2u�o�b ��>��W9/�y��0D��cG�F�nR4l�ȅ��`��a�P�`��2W���|b0�N�����yo0�� ��������ke� /.BɃ�I 2�q�{���\�I��h^��ג��`�o=l���I��ɞ�936�K{�[#�}��.�fq�^�]W1� l�Z����Vnv�Cʙ&�������r�n.� ��M�����)3��V�4�dx�������]!L��eH��ě(���S�:KȬ�WC&�MMhqܤ�[�gz cB�أ�̧msl����4o�o� � ��v���s�[J���T�q9���y$-��E�ߤ&�G ��߁�ē���9�i��/�2O.O��Ȇ�A sE���1�pS�ip��� rE��K�R��h��qE�(�&�N�~��.�S�4Ϧ�}c4�q�3  �ӡ&N.�c(*�yiB��M5�c��/�6i�j�( Մ�^�ŵ�C�;@@;M IL�:�H�^���Mh8円�=葧��""�2��w���;Q���v�/��-� �U8m��[�c��0A���G�~�%�^���J�]3*��lyd�ey}����� #/]= ��2����3��?�ė � ̉�dW�|��1W j欥�O��o��3ѯ�pBl Ǒ윸6v�~��5n�I��� ��ݢ�v��� 8=�W�ۆ�jJ>�&�8C�C�iCj\�y����iWb�.�k�� � J� S��8�6&�ĥ.�m�����zq���w �������tms w}�ҀK>)�I�Gt�h�^�!���#��^ �zx%�`��W�p%���_^l@W��k�3�3Ϝ�4�_�T�B�F�iY O;X^(f�)����8�N_<�����#�/�Ԝ��]��]E�Y;b f�V�\����ʶ�񈹢���R�5� D� �9 M�v�(.����Lq� Vurߪ��T���V  } ����ntݭ�� �>l~����}�}��\���~���ہ�oWk������������Gy���[�L���{𦪬ߒ�Y�tIZ�t{mh�%�KWZ(Mi�6v�i�f��}��6I��� �ETPQq����#���(�(�:N�Q������҄3�3��7�� ���w߹���{�Ҭ�'�� ��(NH�bU�I��4 (v �'���� �YHf�!�^�K�� ~���xy/>��C�����W����6����� ��=��9\1���]î��q�\�'��OFT��5 Ŭxl�!&AQ'�Ka�_bk���U�0���R'��<ض   �@�!QxI���p$�sP�C����-Q���R~M�&ʏ���8E�#�r|=W�'�U��� ���q��&�j��O8o�c�� �������Č�v��#v����}""���??g���V�"
http://boricuacollege.edu/documents/MAPb.pdf	w��#�΁3�w��w�?��		vx5�nv�!+�+�`��9di��3,��w�ǿ�j����;q��<�f;s�;u�{qh7�����x%�<p��t�5#�	� rm��µ�� 
http://boricuacollege.edu/documents/MAPb.pdf	vx5�nv�!+�+�`��9di��3,��w�ǿ�j����;q��<�f;s�;u�{qh7�����x%�<p��t�5#�		p���+�f�b�6x���h\�#n�����ؐ��buǿ�<�����qp���՚@ߏ�	" �� �����g8oK ]Mk}z"" ���&�� EY;���dx�ԕ�xAY�OW��(�Xt�~�~�|ؖ��|��8^��\�j�;�����˙� �}�����;�QZ�>>���>���u<�,��qZ��y6����rS�����\� G�B"
http://boricuacollege.edu/documents/MAPb.pdf	p���+�f�b�6x���h\�#n�����ؐ��buǿ�<�����qp���՚@ߏ�		i��e�sh�	">stream  x��\ |SE���{�z��㵡��#iK/(Ph�U9��""J�䵉M���� ��WvE]�UQ�ެ޺  �⁷uqWe=h����Ҧ@K�����?��μ9~�;g&i "
http://boricuacollege.edu/documents/MAPb.pdf	i��e�sh�		h6t��p�-]v23��hj�g�y�70�x�(�&�[��������̐�����8j���{-l�����i[�b��k6�7.�#��o�q�nkhٜ�:�i+�x[��,��&ce�{��o������$�d����ƙ���{rf	"��3�c����I; =� ���a�w   �ظW��44)?nK�� ������ � UЅ���LJ����w�a�>�R�p�SRj ������C ��=�XƔ�10RG�ƨ޻td� .�F�0�� ���� m�L�c�""��""SV^�_�����we � vl�� �1� �TS����w�a�>;W38��)�5X8��3�{����}�A �|�4v�Pt�����Q�{W�"
http://boricuacollege.edu/documents/MAPb.pdf	h6t��p�-]v23��hj�g�y�70�x�(�&�[��������̐�����8j���{-l�����i[�b��k6�7.�#��o�q�nkhٜ�:�i+�x[��,��&ce�{��o������$�d����ƙ���{rf			"ߕb��4gb#M�u�l����%S�G���8��-r�ݵ��d� o�򂞚tv�q����b�o�Z�������l�?��lv~�id4�>4ee>P/��\ ��,����nim��""E��742�l�y��GO�����IMd���H�h3;�$�u�~z�^hc��K��c���R �-�m��أ�Բv���d���ڿ��C:��sY�O"
http://boricuacollege.edu/documents/MAPb.pdf	h6t��p�-]v23��hj�g�y�70�x�(�&�[��������̐�����8j���{-l�����i[�b��k6�7.�#��o�q�nkhٜ�:�i+�x[��,��&ce�{��o������$�d����ƙ���{rf			5��I
http://boricuacollege.edu/documents/MAPb.pdf	h6t��p�-]v23��hj�g�y�70�x�(�&�[��������̐�����8j���{-l�����i[�b��k6�7.�#��o�q�nkhٜ�:�i+�x[��,��&ce�{��o������$�d����ƙ���{rf		g������]j��c�['��1�����$����%�9��}�p[��z�z7����oi�f�q�y��ϡ��&�ҩe�ȼn3������v��gd��1t������!�~�p�݊���t�ڋ�|ư��i�-[���so��n���\�k�q���f�v�![��m���-���lݚ3�7����<amlt�x�7�jv�o�e��~���hϲ�2ϣv��e�lk�nf���z�����[�lwt����5���up1�k�^폓�]e	"�-��Xs���c?��,k""��%G2-�D�bML;~i��r�=�|;��ߎ�ygǤ� 7ʑf�O����"
http://boricuacollege.edu/documents/MAPb.pdf	g������]j��c�['��1�����$����%�9��}�p[��z�z7����oi�f�q�y��ϡ��&�ҩe�ȼn3������v��gd��1t������!�~�p�݊���t�ڋ�|ư��i�-[���so��n���\�k�q���f�v�![��m���-���lݚ3�7����<amlt�x�7�jv�o�e��~���hϲ�2ϣv��e�lk�nf���z�����[�lwt����5���up1�k�^폓�]e		l���ѯ|�����$��	 �����IN�E��Ii�U�� Y8��;�mN��I����4b  ;����,���A x3�;M��ҍ�?�#췳F�Ϛ�~o!�-�������M ��C�hp4��
http://boricuacollege.edu/documents/MAPb.pdf	l���ѯ|�����$��		z)����hr��w:�����i݀ss�b�	"�ٔ�_��k� #S��5����uHX�F�O[��;,L2�3���Gs����w�����P�%���-U��w6�:Q�|� �=k�l՜���ӷ��L~�ĳß~{�� & �ww�Nr�?��)�s�g�]��<��'n{�󥚟J>Wo)�z�\�=���P{dZ��勇������0��""�l8�e� Ŏ���Ҿ�9~W�'���7��8�0�[�#�?o����7�p(�>�3v��gilSY� K���RY��l#K�w��ʖM�bfLH��%SQ���.���xgPy��}�뽮�}�篹�}����~����s&x�g^X4�z�BU[t}��(�o��� a� ϰE��� P����p���l��˔d�����.���Ҁ$� ǉG��.}}|d �Vӏg5����7H_� e���3�:ʑ��=zF40��A����m� 5 ��5mm�s�^�,����  ���}ǯ�8�Ok���  �=��-���RKe��5�Њ�BX�Ǭ�������'E?V��`߳��9t�K��$�\��,����\�1~���N?��j= ��`�]�d���W��1 ���һ9L�iv����7C""j �/�J>Q�N��^�=|��Y�u�i��N Un%v�`�F��ԕǞ�G��B{�����r!_�?"
http://boricuacollege.edu/documents/MAPb.pdf	z)����hr��w:�����i݀ss�b�		u�]z&0�u��9��?j,�m��zn@�ǎ%o屷\��f��)��u��j��9u���[x��=n1|�	{��D������45'؈r�-΋] �s��15�������Z%��G�c�� ��ϹGa��_=�|�m��ow�3����{ ݮ�4��4C��K���NM
http://boricuacollege.edu/documents/MAPb.pdf	u�]z&0�u��9��?j,�m��zn@�ǎ%o屷\��f��)��u��j��9u���[x��=n1|�			�@{�{O4�|�r��7� �8q�=�������l�^Q���q�$�s[Z.�m=�]. �LK������ ������׆�nU�'j?�Xa |�y�af�}�Rh�S��B�锬��������ާ����^�w/���|n�~W�O�Уz4�A�HA�����RD]h�jQ��D�hU�m��ݸ�(��Y��@�MJ��:���!�>2_�t ���:�h�a�k�� �7���,��,�1z�f�ri��'�'���XJe�g\k
http://boricuacollege.edu/documents/MAPb.pdf	e%h��		g	>stream  x�� `Tչǿs�}�d2Y&�&�HB$@Bd��%I�(�p_bŸ`��J��U�N�
http://boricuacollege.edu/documents/MAPb.pdf	g		y��7��okh�n8����?%|�<ƫ���gz0�z��iw��|���!p!�;�g����2��u���a��z�d�c�a�!h��	"r\�'�D�Kxb r�N��ff��&����\��sq���Y:��\�� �� 998c #�s��Y�#�u k���6��KX�e������ZsY���f��k�Ċq*ZYd�ő�d�� k}�����0k�b���5��""�R���B-�֒���E�t��>)�3ĜbM� �S�R��;�d�t�ڜ���������ǰ�cx ��0O�c�F�a��0�Z� �� Saz� "
http://boricuacollege.edu/documents/MAPb.pdf	y��7��okh�n8����?%|�<ƫ���gz0�z��iw��|���!p!�;�g����2��u���a��z�d�c�a�!h��		p�����twm`��~�<���z	=����>�&�!Z�3jzCM�g
http://boricuacollege.edu/documents/MAPb.pdf	p�����twm`��~�<���z		n�!7ˋ���rt~n~k�)�[�����2@	"� �{�4W�沵�fO�AWc����朹���Y�@��X4n�5{.O��� ����PU�}����<�7� U�������檎Q�Qա�����&  :�XWǏ5l�l l?ָ���\ě��c�c�c���ӎE� �T�n��\�k�Z�b�|mL 6T$9��&�`�%iq���,y��m0ޔW�WΛ��Mv Yǚ�/L��Vǚ��v�*(w�%�\=���_ @��%��wkn��@[5�䪖�D5ќښh�f� �6�-�Wg�T�ھ�r0*Kx�,�;�R^g2�:~��_K ���Uڴ�E2�bji��5u���X��R��CK ` �e-�ƈ���K�e�y�-^�����Xڽ'vi�wJ��?c�1 �6R ,Uw/�(a��r�}�<횧~��y*�  ]g̈V�l =@��Q�{=�@` �K�*��.���*�Y; 5W�l:���R�u�Ow�� �}O�Kh#%�d�C����/a��d�TN�h!]ǎW��tڮ\NEt<�I�X�Z�^�ި�M�� �S�^�P*�ƶU�X�g�M�� ?�[h;���0Ep�V���M � SOS��A:>(4���-R.Fo��Y2�H��(w�Q�q��� �K i#��IA�tu����p��0�-�A�u��� f��Q�V�P  �c�x���l�ܵ���2�1 ��@����{z�^`!�i�Ϊ �Et�/S"" ����^�� �L�ۥ��X���8/?�g��H�T��&�i�@i�t�|6qġ���<��1�ۘF�%��M�K�_�J�޵C�� �/�W�f�# ���*�%UJ3�_J;囔�� Mxԧ����Ϙ����d6�]Įb?e������T.�I�K���Y�� l�J�r��J�5��� ��S�gj�z%M�|� ���n�#�@��ul�i'�1 �c � ��.�v ����V���: ���}�?I���$����R.~�%PH:W�7I�J۰� �C�B���\y�\*7� ��U� � ��QR�m���\�[�[�[��_��n��j� ��?��]{s���E]˺Vtut�S�!�C��@�U ���3�!z�Yq�RYÎǙ��泳�y8�W���ך��Gp�^c��M�i>��K�Dl�H��Y��QZ'�*})d��=r�"
http://boricuacollege.edu/documents/MAPb.pdf	n�!7ˋ���rt~n~k�)�[�����2@		f)��=����[�%�n��:p�4���<dɕ��7��̠�aq���	K���AR�
http://boricuacollege.edu/documents/MAPb.pdf	f)��=����[�%�n��:p�4���<dɕ��7��̠�aq���			"��'a�N����| =(��.���j""�W�k1�O`k�.Ա����2�̢""y]N�K���:^F�`s���z*d��t^ug�s� ��4Oi��:�����F�L&�� 6C^��-�NKh�b������m҃�e�n ��W��t%��^F����i$�i�����v�\��^�Ue:ִ�xuo�:P.O@M2f��S�B��v3� 3h ^�'b{����N:MggXu��g���I�=t�z���HyX�R/�鯴�V��]�""����}�n��M7V͓ڤץZiŁ�/�vK��a{�1�MԦ�F�T�^����} V�[h.X�ţ�G/o�®�vu���w;MV�U��Ls�3h""=B�6�ɐ��8�^�㽐��)�b��k ��r�����?W�jX[�t��Q�teAp�L_�-_Gt��-���(�]��2:2���z� M �:��""c��l*QJ�%�忻�]*��^YZ�Ok �U""���l*� �T�~r�$cϚ͖˂w܌ ����Q:����] ��c* ���� �|��pa��҆��CdW�K��z�/�>�m� �Ī�6}�Y�M[�r_O��J�j�Zh����|퀬a�N��Ȁ��a�' ��N��|l2eY""����0��$�"" �c��m& ���\�X���{�������:���(�[Je�ܩ���r� �m�����ݓ 5��`k�[C���2�=] v ?���ۺl�K���h y���Ig{/|A��I��E��w%IW�_>B��wEPZ���MA)�I�O�7���/������{k�Z�����S�N: MH !�1NJE �H�5H ʦDF �� A�M��#����3""��atć�8:�љ8��1>!�w�����~?��GRuOWU����9�S7��[�Z��м0^����k�w���K>|Wd����w�ᷬ�%��ow�z��5]>|�z�^��UM��ë&���a\J�x���Lyy�|�,3a�/�k�|��%�{d�<^����PV �ȏ];�=ǽ��V�m7v�)]"
http://boricuacollege.edu/images/190321161428_0001.jpg	s��3&��z��			:�^�F� �Oڗ�/� �R���R� ��
http://boricuacollege.edu/images/190321161428_0001.jpg	s��3&��z��			����B
http://boricuacollege.edu/images/190321161428_0001.jpg	s��3&��z��		d�j5����b��h��	��1��vG*K �iq �I FzQ��v4�
http://boricuacollege.edu/images/190321161428_0001.jpg	d�j5����b��h��		"dms�oq�=�x&��o���#�6�r��c�e""�����x*g�=�m�չa�"	%h�q��3�Tg�n� 1�
http://boricuacollege.edu/images/190321161428_0001.jpg	"dms�oq�=�x&��o���#�6�r��c�e""�����x*g�=�m�չa�"		b�����\��b���q?ި��o��ǃǡ����������ۚ	"���&s'�8�;PG����'9��������1��}�����������m?�� �Scܱ�A8� *�,|����i�FA Ş�i���\v���n�4I)F�U�F�a��D� i�6�;��L��bQ��)#v�ex�n�O��UJ� �}�L�� �i\�Wpi��Ҧ��=0qޫ��$��Z� e�6�����S�/a�)�)�=z��R�V�9��y !�E'�k4��p�������X��C� �Wo��Tey����8I9�%.�ʗ=�>k ���%�w:�*���i�ţ� 榙�� g� �'�̳�� �]�)12��^��OI$�޵f��p�qD$���A��YjJL����T'�����d����e��%'rmُ �Z\,���N}i-����# �ʬ]�?�""��`q�k� U��ҙ �c?�_�޵ �'gSMX����ݣ����,��V�#��Mdڃ ��j�@��?�җ�؇{�_�@�������c�>��ިpw z�� �/N)�S���M0Qz�G�NF"
http://boricuacollege.edu/images/190321161428_0001.jpg	b�����\��b���q?ި��o��ǃǡ����������ۚ		"g���nb)h5���{�:⁰�ǥ""�`�q��k�١�8o�9���<|�����ڕ�<��f@:"	����yr0{�$ۗ�A�<`��i��S�MDT�ıڤ�Y����ԓ �sN�Ю���КIA�W,I#8�JΡJ�1I�9U`���I6RNÌg#���4�%���x>��ګ�l��T)2���wϽ� <Ǩ�FOpG�H��|���SҒ0rލ O]
http://boricuacollege.edu/images/190321161428_0001.jpg	"g���nb)h5���{�:⁰�ǥ""�`�q��k�١�8o�9���<|�����ڕ�<��f@:"		u��e�v�ݱj%c.�\(�y���؉d.���	Y;��,M����b�'��.�8<��y�I���'�h�q�❢@Us�y��Tf� �U{���~CК!č��q�Bi�Y2yM�9Ȧ�!��}E@�D�`q�=��b�2u =�� ���>P=I�eW�I�*0���� ���H ڻ� �Cؒ�s�29y*�r�
http://boricuacollege.edu/images/190321161428_0001.jpg	u��e�v�ݱj%c.�\(�y���؉d.���		"s�zt�ru�~p1ސ��?0�=�rἤe!�s�ub�!f�6b�x""���$��ա���,8;��f�""�"	p�GcH��#� �إ�@j� �p��
http://boricuacollege.edu/images/190321161428_0001.jpg	"s�zt�ru�~p1ސ��?0�=�rἤe!�s�ub�!f�6b�x""���$��ա���,8;��f�""�"		g��a�	"�6S!H�2e-�� v����}.M""���[q�;TQ�C˝�#�MV�/�@ ךV�E.�_Q㜤����  ��%H���Lެ�X ZVg��W��BV&��(�#'c|�9=ic � ��0r=*=� �����$- # �QE�\X�{T��� �xi�$�:r9�Ln` ?55��SQukf4�> lQTs���Q�lK��Ed������mk�O7�}i5���s|�)��w  J����a�)�ӿ8 ?Ʊ�w���hЖ��� �݂Fp �g�b���>|h6�8���Αj2��"
http://boricuacollege.edu/images/190321161428_0001.jpg	g��a�		j�pq����gݮ�u	M�[��HT�l�R)R���UUq����Q����yL�'��O��q,I��;��oJ�>v�<��U[����D~V#��FF��=�=�Ǖ�$�t��GO,1ޅ�Jwc��O�a�*|�Ǡ���
http://boricuacollege.edu/images/190321161428_0001.jpg	j�pq����gݮ�u		m����y뎂�%l{�9�ҕ_)n��f��|�m#��iw����}h.����qޣ2r0a�h����	-2H�  �@ (n/}�<F[�E��w.Y�}�p�!Y�9<�k����F�n8�H�X��3b�eԺ����1���8�vPB
http://boricuacollege.edu/images/190321161428_0001.jpg	m����y뎂�%l{�9�ҕ_)n��f��|�m#��iw����}h.����qޣ2r0a�h����		s*w֣wr��	n�y�`3� �t5(s�c�2�U�x�w)� 9�.��:b�Ms1���q\7J  ��uڌoe�?�$�g!x��h�*�@7r���_s��x`��
http://boricuacollege.edu/images/190321161428_0001.jpg	s*w֣wr��		w7vj7�꣈�b��ְa�-���e�e�݃v���el�ƨ�0���l!���iy^�����w�	 ���c �1^�T�H� X��2F �}��ZL���,hI)�'ޜf,C���:���L`S�L�p
http://boricuacollege.edu/images/190321161428_0001.jpg	w7vj7�꣈�b��ְa�-���e�e�݃v���el�ƨ�0���l!���iy^�����w�		c��up�	�j�18�v�H u�b�8��� #�x�h�W�����d!
http://boricuacollege.edu/images/190321161428_0001.jpg	c��up�		n�ry]�'���	"n202~��&s |�zr?ϵE��gnz ב*�""��)�""��[׌����yx���b�K� �OjCOQd�Xw""�P�`���r]�6O# i�袔R�9�^���¾�Cg���6>��M� Hp)��"
http://boricuacollege.edu/images/190321161428_0001.jpg	n�ry]�'���		t��*�1!`aބ�	"���M�sk��Y! �9?�Jʇiea��;TEGV��qLV&Ln��bSDͳ,�r�>�""4�J��HeL��%�QM ieE�� �z�)�Y�H�c��""����kJ�|Ͱ��O�$`� �}��1mv`������� ��'C7 ���6�P�Zq_܌�|����"
http://boricuacollege.edu/images/190321161428_0001.jpg	t��*�1!`aބ�		b�,��|����@d	�cH��' }h
http://boricuacollege.edu/images/190321161428_0001.jpg	b�,��|����@d		c�e�+th�q�c#o�֛:�	"�B��""�±ݻo#>�� 2�x�K  ""9�Z�f$�Ɇ�X/rGqPt}��J�  ""�ێ~���""�<Q�P�&���_�x�,��P�tt4 Z�szҌ�E`"
http://boricuacollege.edu/images/190321161428_0001.jpg	c�e�+th�q�c#o�֛:�		s�9	�^�ܷh�jwސ�/�$��-��_��Xc�5�c�#�)YK(9 
http://boricuacollege.edu/images/190321161428_0001.jpg	s�9		w�]�g�^21v]_�g<}ewr��	7�C0�jv Kb�9a���*Mꉀr����%F�` ��bw� �k Gʛ��3�CJ�%��E0)��ў�4bF
http://boricuacollege.edu/images/190321161428_0001.jpg	w�]�g�^21v]_�g<}ewr��		aslwhie,�6'�r�dc��:9u���<e������(�݄�;��r�	��X��;zӞFV�v���� �{(a#o�mF�U
http://boricuacollege.edu/images/190321161428_0001.jpg	aslwhie,�6'�r�dc��:9u���<e������(�݄�;��r�		m���w�,1ku�2z�j�y��9�;r�wpi���m~ا��ǁ�8�e��q�fư�	v�n� ���Kɏ�G� �>cM]5��ɒ�^�S��� �~z�FC���Ͻ
http://boricuacollege.edu/images/190321161428_0001.jpg	m���w�,1ku�2z�j�y��9�;r�wpi���m~ا��ǁ�8�e��q�fư�		t����a���!����1s�z�dϙ�i���.	"����w1]� �ߐ�7�j��Ն�cM�}��>fKqҡd��-�ҧ|������d�����""8�1��=�}��q�i�9�``�ڗ�dc���S��m�I�M��q�U;�8�#9�z���r8�6F2pM��s���Z8��)b��.{U/0e�g5��f��>1�氵 ̅�)98�N�դ|�3(��%tsŋ1�6?����_��^B! �"
http://boricuacollege.edu/images/190321161428_0001.jpg	t����a���!����1s�z�dϙ�i���.			"��H<0���c=�HYl��L���\�td(gen�ZX��>���VRC�m ���ܿw`,�""�,�}*H��P�sU�*��>���C"
http://boricuacollege.edu/images/190321161428_0001.jpg	t����a���!����1s�z�dϙ�i���.		s�pj�c<樆��@�6��r9��q�fߍl�1	�q�b��Yxl(�([���ld�ͺ2@98���X��p�)���W�=i��e%$m��D^�X���6���2o�j��;�I.@\m �ޚ�� �S�,ֶ���`v敚V]��U�E!!I ���B��
http://boricuacollege.edu/images/190321161428_0001.jpg	s�pj�c<樆��@�6��r9��q�fߍl�1		r���o��n�s�gjz�.\0p�	c��Lr�FS�Zwa�Č2��H=�IP����P��s�H�z��[ �?w�I��;67�2E5W�Mׯzp�1'�OOjz��DAs�9�_j� ���1�S�AR��'�)����>At��̪N���F�$b�9�M}ќ&0z�{ӑ���9�֑��!�nH'  �����;cn3��4��J`0s��F�t��u4Ё��
http://boricuacollege.edu/images/190321161428_0001.jpg	r���o��n�s�gjz�.\0p�			o� O�x ���F�I�z J \x.R!�
http://boricuacollege.edu/images/190321161428_0001.jpg	r���o��n�s�gjz�.\0p�			"��?7�6Gc  � � H""h���=��NC&;�{��a�K7,p�,��Sr�bC��5&�;�� ѳ� �Hʧ9鞴֝�OEט3t �������ӎ����?2�� QY����U� �.�����,n ݹm���M5ʟ�cRm���ت I)J����<p1-�� �ԝ�HW K��� �¼��=p:T��T��V!H 0$�� *�"
http://boricuacollege.edu/images/190321161428_0001.jpg	r���o��n�s�gjz�.\0p�		w$�{�v&	"I�\ȭ���5����`��53�P�d2�4�E F��*��~pv��L� �sUm��g�s����B��=G�M�k ����s""���R�&�� �5[PV۸rݱPK�ϰ�09�h�0�Y���\��n-�0 T�� }�$`7�沭'1i����j(�P��o0�A��tcO�z��\.��``��"
http://boricuacollege.edu/images/190321161428_0001.jpg	w$�{�v&		qt�zj���o��rt�_ʖ=��n'i�	�� ͷpRzP@ѐH� �Ԭ�0xc�z��6!ؼ��(5'�$�' �7R��䆡�c&Ӂ�@� �A�NJ�3�q�u�<�]�
http://boricuacollege.edu/images/190321161428_0001.jpg	qt�zj���o��rt�_ʖ=��n'i�		q���|�!�f�a<��ϗ��w@	"P�PÓ�)�D%�S֎d����U��{ӊ�r[�cR Đ�9v<�枑�ѝ�u""�mŉ���'g�J���?/5/�$;Sp�3Ҙ�3�� )�^�t ���a�"
http://boricuacollege.edu/images/190321161428_0001.jpg	q���|�!�f�a<��ϗ��w@		u;m	��ZE(F�3������<�z���)�1�=�M��H�<��4x�zӼǏ�W ]{SF��:�� �*�.�6��M���V%��2���J�G  � r٫WaT|�`c�D�(�pG�O2*/��*��iJ����H�jh�,@`��R����T`���j�ň��O=}i���
http://boricuacollege.edu/images/190321161428_0001.jpg	u;m		a4+��.	�Dl�
http://boricuacollege.edu/images/190321161428_0001.jpg	a4+��.		mw�k1�	�'��e; g�O���� 8�|v$ �!_OJ��cn?���@?�Vo2���;����lW�M� �����l\`��{O� '�X��p�1B̪4/���
http://boricuacollege.edu/images/190321161428_0001.jpg	mw�k1�		g�+:��������d�,@�xve��kێ�	"�KR�L_�8��95�M���L�֚<f�""%9���]ש�"
http://boricuacollege.edu/images/190321161428_0001.jpg	g�+:��������d�,@�xve��kێ�		u���5o;ia��u��q-п����ڍ���t~4�p�+��ׂ��;��c#<�����'��0	�x�ً�h�k �s�g��u`� �\���L՘� ����|� �*7�P�d�dS��d ������AR9� �N�SX���=��ʸ�Ida�֒E�M���95�᝿�ش��}�*�u=G��X�_�2��_ъI�=;���t>�
http://boricuacollege.edu/images/190321161428_0001.jpg	u���5o;ia��u��q-п����ڍ���t~4�p�+��ׂ��;��c#<�����'��0		afx���e�2�f#w	 ����]z��պp��RYL��_�Q�c��
http://boricuacollege.edu/images/190321161428_0001.jpg	afx���e�2�f#w		yd2d��׌���s�oe<q���	!����?Zj���o2��
http://boricuacollege.edu/images/190321161428_0001.jpg	yd2d��׌���s�oe<q���		"t����t?74y�6�hż�w�ⴴe��""�"	B�<���#ag��&�F�g�NW4V�)fY����� � ��j�#�����u���
http://boricuacollege.edu/images/190321161428_0001.jpg	"t����t?74y�6�hż�w�ⴴe��""�"		"c�""�yo��q�é����"	�O�>��SS� c���W�~Y����I� ���T^c,�$#
http://boricuacollege.edu/images/190321161428_0001.jpg	"c�""�yo��q�é����"		o���vэ��1f�pc��m���s��2k�筃��sq�^b�ult�n�q��᰹8�&$bfx�\����v`�܃zr�n盚9{z|���r��e\g5,w���h���	���Ri$W��x����
http://boricuacollege.edu/images/190321161428_0001.jpg	o���vэ��1f�pc��m���s��2k�筃��sq�^b�ult�n�q��᰹8�&$bfx�\����v`�܃zr�n盚9{z|���r��e\g5,w���h���			����]  S��*�͛�6�2H�����9�&p��A!� Y[�m���NՊV=wn]6���D��r1[I�Z�(��9�[��mDE��wz�_ ����f���*��Xg���t-k�T��m��}zf�a=L����b�G��[� ���WR=�*�
http://www.boricuacollege.edu	span			BORICUA COLLEGE IS PLEASED TO ANNOUNCE A NEW 
http://www.boricuacollege.edu	span			HIGHER EDUCATION OPPORTUNITY PROGRAM
http://www.boricuacollege.edu	p		a	Click here >
http://www.boricuacollege.edu	a			Information
http://www.boricuacollege.edu	a			0321161428_0001
http://www.boricuacollege.edu	span			----------------------------------------------------------------------
http://www.boricuacollege.edu	span			---------------------------------------------------------------------
http://www.boricuacollege.edu	span			 ----------------------------------------------------------------------
http://www.boricuacollege.edu	a			 05-02-18
http://www.boricuacollege.edu	p			----------------------------------------------------------------------
http://www.boricuacollege.edu	strong			2 New Academic Programs
